id	date	series	slot	state	title	author	gxd	mr	source	note
bg1917-02-25	1917-02-25	sunday		in-gxd	CROSS-WORD PUZZLE of February 25, 1917		bg1917-02-25		gxd	
bg1980-01-06	1980-01-06	sunday		missing						
bg1980-01-13	1980-01-13	sunday		missing						
bg1980-01-20	1980-01-20	sunday		missing						
bg1980-01-27	1980-01-27	sunday		missing						
bg1980-02-03	1980-02-03	sunday		missing						
bg1980-02-10	1980-02-10	sunday		missing						
bg1980-02-17	1980-02-17	sunday		missing						
bg1980-02-24	1980-02-24	sunday		missing						
bg1980-03-02	1980-03-02	sunday		missing						
bg1980-03-09	1980-03-09	sunday		missing						
bg1980-03-16	1980-03-16	sunday		missing						
bg1980-03-23	1980-03-23	sunday		missing						
bg1980-03-30	1980-03-30	sunday		missing						
bg1980-04-06	1980-04-06	sunday		missing						
bg1980-04-13	1980-04-13	sunday		missing						
bg1980-04-20	1980-04-20	sunday		missing						
bg1980-04-27	1980-04-27	sunday		missing						
bg1980-05-04	1980-05-04	sunday		missing						
bg1980-05-11	1980-05-11	sunday		missing						
bg1980-05-18	1980-05-18	sunday		missing						
bg1980-05-25	1980-05-25	sunday		missing						
bg1980-06-01	1980-06-01	sunday		missing						
bg1980-06-08	1980-06-08	sunday		missing						
bg1980-06-15	1980-06-15	sunday		missing						
bg1980-06-22	1980-06-22	sunday		missing						
bg1980-06-29	1980-06-29	sunday		missing						
bg1980-07-06	1980-07-06	sunday		missing						
bg1980-07-13	1980-07-13	sunday		missing						
bg1980-07-20	1980-07-20	sunday		missing						
bg1980-07-27	1980-07-27	sunday		missing						
bg1980-08-03	1980-08-03	sunday		missing						
bg1980-08-10	1980-08-10	sunday		missing						
bg1980-08-17	1980-08-17	sunday		missing						
bg1980-08-24	1980-08-24	sunday		missing						
bg1980-08-31	1980-08-31	sunday		missing						
bg1980-09-07	1980-09-07	sunday		missing						
bg1980-09-14	1980-09-14	sunday		missing						
bg1980-09-21	1980-09-21	sunday		in-gxd	State Fare	Emily Cox and Henry Rathvon	bg1980-09-21		gxd	!155 edits this file
bg1980-09-28	1980-09-28	sunday		missing						
bg1980-10-05	1980-10-05	sunday		missing						
bg1980-10-12	1980-10-12	sunday		missing						
bg1980-10-19	1980-10-19	sunday		missing						
bg1980-10-26	1980-10-26	sunday		missing						
bg1980-11-02	1980-11-02	sunday		missing						
bg1980-11-08	1980-11-08	other		in-gxd	All Wet	Emily Cox and Henry Rathvon	bg1980-11-08		gxd	!155 edits this file
bg1980-11-09	1980-11-09	sunday		missing						
bg1980-11-16	1980-11-16	sunday		missing						
bg1980-11-23	1980-11-23	sunday		in-gxd	Inside Job	Emily Cox and Henry Rathvon	bg1980-11-23		gxd	!155 edits this file
bg1980-11-30	1980-11-30	sunday		in-gxd	Table Talk	Emily Cox and Henry Rathvon	bg1980-11-30		gxd	!155 edits this file
bg1980-12-07	1980-12-07	sunday		missing						
bg1980-12-14	1980-12-14	sunday		missing						
bg1980-12-21	1980-12-21	sunday		missing						
bg1980-12-28	1980-12-28	sunday		missing						
bg1981-01-04	1981-01-04	sunday		missing						
bg1981-01-11	1981-01-11	sunday		missing						
bg1981-01-18	1981-01-18	sunday		missing						
bg1981-01-25	1981-01-25	sunday		in-gxd	Stepquote	Emily Cox and Henry Rathvon	bg1981-01-25		gxd	!155 edits this file
bg1981-02-01	1981-02-01	sunday		missing						
bg1981-02-08	1981-02-08	sunday		missing						
bg1981-02-15	1981-02-15	sunday		missing						
bg1981-02-22	1981-02-22	sunday		missing						
bg1981-03-01	1981-03-01	sunday		missing						
bg1981-03-08	1981-03-08	sunday		missing						
bg1981-03-15	1981-03-15	sunday		missing						
bg1981-03-22	1981-03-22	sunday		missing						
bg1981-03-29	1981-03-29	sunday		in-gxd	Compass Points	Emily Cox and Henry Rathvon	bg1981-03-29		gxd	!155 edits this file
bg1981-04-05	1981-04-05	sunday		missing						
bg1981-04-12	1981-04-12	sunday		missing						
bg1981-04-19	1981-04-19	sunday		missing						
bg1981-04-26	1981-04-26	sunday		missing						
bg1981-05-03	1981-05-03	sunday		missing						
bg1981-05-10	1981-05-10	sunday		missing						
bg1981-05-17	1981-05-17	sunday		missing						
bg1981-05-24	1981-05-24	sunday		missing						
bg1981-05-31	1981-05-31	sunday		missing						
bg1981-06-07	1981-06-07	sunday		missing						
bg1981-06-14	1981-06-14	sunday		missing						
bg1981-06-21	1981-06-21	sunday		missing						
bg1981-06-28	1981-06-28	sunday		missing						
bg1981-07-05	1981-07-05	sunday		missing						
bg1981-07-12	1981-07-12	sunday		missing						
bg1981-07-19	1981-07-19	sunday		missing						
bg1981-07-26	1981-07-26	sunday		missing						
bg1981-08-02	1981-08-02	sunday		missing						
bg1981-08-09	1981-08-09	sunday		missing						
bg1981-08-16	1981-08-16	sunday		missing						
bg1981-08-23	1981-08-23	sunday		missing						
bg1981-08-30	1981-08-30	sunday		missing						
bg1981-09-06	1981-09-06	sunday		missing						
bg1981-09-13	1981-09-13	sunday		missing						
bg1981-09-20	1981-09-20	sunday		missing						
bg1981-09-27	1981-09-27	sunday		missing						
bg1981-10-04	1981-10-04	sunday		missing						
bg1981-10-11	1981-10-11	sunday		missing						
bg1981-10-18	1981-10-18	sunday		missing						
bg1981-10-25	1981-10-25	sunday		missing						
bg1981-11-01	1981-11-01	sunday		missing						
bg1981-11-08	1981-11-08	sunday		missing						
bg1981-11-15	1981-11-15	sunday		missing						
bg1981-11-22	1981-11-22	sunday		missing						
bg1981-11-29	1981-11-29	sunday		missing						
bg1981-12-06	1981-12-06	sunday		missing						
bg1981-12-13	1981-12-13	sunday		missing						
bg1981-12-20	1981-12-20	sunday		missing						
bg1981-12-27	1981-12-27	sunday		missing						
bg1982-01-03	1982-01-03	sunday		missing						
bg1982-01-10	1982-01-10	sunday		missing						
bg1982-01-17	1982-01-17	sunday		missing						
bg1982-01-24	1982-01-24	sunday		missing						
bg1982-01-31	1982-01-31	sunday		missing						
bg1982-02-07	1982-02-07	sunday		missing						
bg1982-02-14	1982-02-14	sunday		missing						
bg1982-02-21	1982-02-21	sunday		missing						
bg1982-02-28	1982-02-28	sunday		in-gxd	Mixed Maxims	Emily Cox and Henry Rathvon	bg1982-02-28		gxd	!155 edits this file
bg1982-03-07	1982-03-07	sunday		missing						
bg1982-03-14	1982-03-14	sunday		in-gxd	Four-Leaf Clover	Emily Cox and Henry Rathvon	bg1982-03-14		gxd	!155 edits this file
bg1982-03-21	1982-03-21	sunday		in-gxd	Multiplicity	Emily Cox and Henry Rathvon	bg1982-03-21		gxd	!155 edits this file
bg1982-03-28	1982-03-28	sunday		missing						
bg1982-04-04	1982-04-04	sunday		in-gxd	Body English	Emily Cox and Henry Rathvon	bg1982-04-04		gxd	!155 edits this file
bg1982-04-11	1982-04-11	sunday		in-gxd	Egg Hunt	Emily Cox and Henry Rathvon	bg1982-04-11		gxd	!155 edits this file
bg1982-04-18	1982-04-18	sunday		missing						
bg1982-04-25	1982-04-25	sunday		in-gxd	Sign Language	Emily Cox and Henry Rathvon	bg1982-04-25		gxd	!155 edits this file
bg1982-05-02	1982-05-02	sunday		missing						
bg1982-05-09	1982-05-09	sunday		missing						
bg1982-05-16	1982-05-16	sunday		in-gxd	Money Talks	Emily Cox and Henry Rathvon	bg1982-05-16		gxd	!155 edits this file
bg1982-05-23	1982-05-23	sunday		in-gxd	Guessing Game	Emily Cox and Henry Rathvon	bg1982-05-23		gxd	!155 edits this file
bg1982-05-30	1982-05-30	sunday		in-gxd	Flowery Speech	Emily Cox and Henry Rathvon	bg1982-05-30		gxd	!155 edits this file
bg1982-06-06	1982-06-06	sunday		in-gxd	Hubbub	Jordan S Lasher	bg1982-06-06		gxd	!155 edits this file
bg1982-06-13	1982-06-13	sunday		in-gxd	Riddle Me This	Jordan S Lasher	bg1982-06-13		gxd	!155 edits this file
bg1982-06-20	1982-06-20	sunday		in-gxd	Someone Special	Jordan S Lasher	bg1982-06-20		gxd	!155 edits this file
bg1982-06-27	1982-06-27	sunday		in-gxd	Keep Active!	Jordan S Lasher	bg1982-06-27		gxd	!155 edits this file
bg1982-07-04	1982-07-04	sunday		in-gxd	Catch 44	Jordan S Lasher	bg1982-07-04		gxd	!155 edits this file
bg1982-07-11	1982-07-11	sunday		missing						
bg1982-07-18	1982-07-18	sunday		in-gxd	Charivari	Jordan S Lasher	bg1982-07-18		gxd	!155 edits this file
bg1982-07-25	1982-07-25	sunday		missing						
bg1982-08-01	1982-08-01	sunday		missing						
bg1982-08-08	1982-08-08	sunday		in-gxd	Longhand Exercise	Jordan S Lasher	bg1982-08-08		gxd	!155 edits this file
bg1982-08-15	1982-08-15	sunday		missing						
bg1982-08-22	1982-08-22	sunday		in-gxd	Only Human	Jordan S Lasher	bg1982-08-22		gxd	!155 edits this file
bg1982-08-29	1982-08-29	sunday		missing						
bg1982-09-05	1982-09-05	sunday		in-gxd	Labor Day	Jordan S Lasher	bg1982-09-05		gxd	!155 edits this file
bg1982-09-12	1982-09-12	sunday		missing						
bg1982-09-19	1982-09-19	sunday		missing						
bg1982-09-26	1982-09-26	sunday		missing						
bg1982-10-03	1982-10-03	sunday		missing						
bg1982-10-10	1982-10-10	sunday		missing						
bg1982-10-17	1982-10-17	sunday		in-gxd	Word Show	Jordan S Lasher	bg1982-10-17		gxd	!155 edits this file
bg1982-10-24	1982-10-24	sunday		in-gxd	Knock Knock	Jordan S Lasher	bg1982-10-24		gxd	!155 edits this file
bg1982-10-31	1982-10-31	sunday		missing						
bg1982-11-07	1982-11-07	sunday		in-gxd	Unholy Alliances	Jordan S Lasher	bg1982-11-07		gxd	!155 edits this file
bg1982-11-14	1982-11-14	sunday		missing						
bg1982-11-21	1982-11-21	sunday		in-gxd	C W Puzzle	Jordan S Lasher	bg1982-11-21		gxd	!155 edits this file
bg1982-11-28	1982-11-28	sunday		missing						
bg1982-12-05	1982-12-05	sunday		missing						
bg1982-12-12	1982-12-12	sunday		in-gxd	Count On It	Jordan S Lasher	bg1982-12-12		gxd	!155 edits this file
bg1982-12-19	1982-12-19	sunday		missing						
bg1982-12-26	1982-12-26	sunday		missing						
bg1983-01-02	1983-01-02	sunday		in-gxd	Whoppers	Jordan S Lasher	bg1983-01-02		gxd	!155 edits this file
bg1983-01-09	1983-01-09	sunday		in-gxd	Webster's Revisited	Jordan S Lasher	bg1983-01-09		gxd	!155 edits this file
bg1983-01-16	1983-01-16	sunday		missing						
bg1983-01-23	1983-01-23	sunday		in-gxd	In-Depth Analysis	Jordan S Lasher	bg1983-01-23		gxd	!155 edits this file
bg1983-01-30	1983-01-30	sunday		in-gxd	Elementary, My Dear Watson	Jordan S Lasher	bg1983-01-30		gxd	!155 edits this file
bg1983-02-06	1983-02-06	sunday		missing						
bg1983-02-13	1983-02-13	sunday		in-gxd	Presidents' Day	Jordan S Lasher	bg1983-02-13		gxd	!155 edits this file
bg1983-02-20	1983-02-20	sunday		in-gxd	The Question Please	Jordan S Lasher	bg1983-02-20		gxd	!155 edits this file
bg1983-02-27	1983-02-27	sunday		missing						
bg1983-03-06	1983-03-06	sunday		missing						
bg1983-03-13	1983-03-13	sunday		missing						
bg1983-03-20	1983-03-20	sunday		missing						
bg1983-03-27	1983-03-27	sunday		in-gxd	Mirror, Mirror	Jordan S Lasher	bg1983-03-27		gxd	!155 edits this file
bg1983-04-03	1983-04-03	sunday		in-gxd	Words of a Feather	Jordan S Lasher	bg1983-04-03		gxd	!155 edits this file
bg1983-04-10	1983-04-10	sunday		in-gxd	The Envelope, Please	Jordan S Lasher	bg1983-04-10		gxd	!155 edits this file
bg1983-04-17	1983-04-17	sunday		missing						
bg1983-04-24	1983-04-24	sunday		missing						
bg1983-05-01	1983-05-01	sunday		missing						
bg1983-05-08	1983-05-08	sunday		in-gxd	For Dendrophiles	Jordan S Lasher	bg1983-05-08		gxd	!155 edits this file
bg1983-05-15	1983-05-15	sunday		in-gxd	Cheers	Jordan S Lasher	bg1983-05-15		gxd	!155 edits this file
bg1983-05-22	1983-05-22	sunday		in-gxd	Gone Fishing	Jordan S Lasher	bg1983-05-22		gxd	!155 edits this file
bg1983-05-29	1983-05-29	sunday		in-gxd	Name That Tune	Jordan S Lasher	bg1983-05-29		gxd	!155 edits this file
bg1983-06-05	1983-06-05	sunday		missing						
bg1983-06-12	1983-06-12	sunday		missing						
bg1983-06-19	1983-06-19	sunday		in-gxd	One, Two, Three	Jordan S Lasher	bg1983-06-19		gxd	!155 edits this file
bg1983-06-26	1983-06-26	sunday		missing						
bg1983-07-03	1983-07-03	sunday		missing						
bg1983-07-10	1983-07-10	sunday		missing						
bg1983-07-17	1983-07-17	sunday		missing						
bg1983-07-24	1983-07-24	sunday		missing						
bg1983-07-31	1983-07-31	sunday		missing						
bg1983-08-07	1983-08-07	sunday		missing						
bg1983-08-14	1983-08-14	sunday		missing						
bg1983-08-21	1983-08-21	sunday		missing						
bg1983-08-28	1983-08-28	sunday		in-gxd	Just For The Record	Jordan S Lasher	bg1983-08-28		gxd	!155 edits this file
bg1983-09-04	1983-09-04	sunday		missing						
bg1983-09-11	1983-09-11	sunday		missing						
bg1983-09-18	1983-09-18	sunday		in-gxd	Vocabulary Quiz	Jordan S Lasher	bg1983-09-18		gxd	!155 edits this file
bg1983-09-25	1983-09-25	sunday		in-gxd	The Third Season	Jordan S Lasher	bg1983-09-25		gxd	!155 edits this file
bg1983-10-02	1983-10-02	sunday		missing						
bg1983-10-09	1983-10-09	sunday		missing						
bg1983-10-16	1983-10-16	sunday		missing						
bg1983-10-23	1983-10-23	sunday		missing						
bg1983-10-30	1983-10-30	sunday		missing						
bg1983-11-06	1983-11-06	sunday		missing						
bg1983-11-13	1983-11-13	sunday		missing						
bg1983-11-20	1983-11-20	sunday		missing						
bg1983-11-27	1983-11-27	sunday		missing						
bg1983-12-04	1983-12-04	sunday		missing						
bg1983-12-11	1983-12-11	sunday		missing						
bg1983-12-18	1983-12-18	sunday		in-gxd	Abbreviated Statements	Jordan S Lasher	bg1983-12-18		gxd	!155 edits this file
bg1983-12-25	1983-12-25	sunday		missing						
bg1984-01-01	1984-01-01	sunday		in-gxd	Hangover	Jordan S Lasher	bg1984-01-01		gxd	!155 edits this file
bg1984-01-08	1984-01-08	sunday		in-gxd	Island-Hopping	Jordan S Lasher	bg1984-01-08		gxd	!155 edits this file
bg1984-01-15	1984-01-15	sunday		missing						
bg1984-01-22	1984-01-22	sunday		missing						
bg1984-01-29	1984-01-29	sunday		missing						
bg1984-02-05	1984-02-05	sunday		in-gxd	Check!	Jordan S Lasher	bg1984-02-05		gxd	!155 edits this file
bg1984-02-12	1984-02-12	sunday		missing						
bg1984-02-19	1984-02-19	sunday		missing						
bg1984-02-26	1984-02-26	sunday		missing						
bg1984-03-04	1984-03-04	sunday		missing						
bg1984-03-11	1984-03-11	sunday		missing						
bg1984-03-18	1984-03-18	sunday		in-gxd	Home Sweet Home	Jordan S Lasher	bg1984-03-18		gxd	!155 edits this file
bg1984-03-25	1984-03-25	sunday		in-gxd	Spoonerizing	Jordan S Lasher	bg1984-03-25		gxd	!155 edits this file
bg1984-04-01	1984-04-01	sunday		in-gxd	First of the Month	Jordan S Lasher	bg1984-04-01		gxd	!155 edits this file
bg1984-04-08	1984-04-08	sunday		in-gxd	The Bard on Baseball	Jordan S Lasher	bg1984-04-08		gxd	!155 edits this file
bg1984-04-15	1984-04-15	sunday		in-gxd	Oh, Oh!	Jordan S Lasher	bg1984-04-15		gxd	!155 edits this file
bg1984-04-22	1984-04-22	sunday		missing						
bg1984-04-29	1984-04-29	sunday		missing						
bg1984-05-06	1984-05-06	sunday		in-gxd	Cheese It!	Jordan S Lasher	bg1984-05-06		gxd	!155 edits this file
bg1984-05-13	1984-05-13	sunday		missing						
bg1984-05-20	1984-05-20	sunday		in-gxd	The Fourth Estate	Jordan S Lasher	bg1984-05-20		gxd	!155 edits this file
bg1984-05-27	1984-05-27	sunday		in-gxd	Who Has What	Jordan S Lasher	bg1984-05-27		gxd	!155 edits this file
bg1984-06-03	1984-06-03	sunday		missing						
bg1984-06-10	1984-06-10	sunday		missing						
bg1984-06-17	1984-06-17	sunday		in-gxd	Dada-ism	Jordan S Lasher	bg1984-06-17		gxd	!155 edits this file
bg1984-06-24	1984-06-24	sunday		in-gxd	Forward and Backward	Jordan S Lasher	bg1984-06-24		gxd	!155 edits this file
bg1984-07-01	1984-07-01	sunday		in-gxd	That's The Spirit	Jordan S Lasher	bg1984-07-01		gxd	!155 edits this file
bg1984-07-08	1984-07-08	sunday		in-gxd	Tennis, Anyone?	Jordan S Lasher	bg1984-07-08		gxd	!155 edits this file
bg1984-07-15	1984-07-15	sunday		in-gxd	Cross Words	Jordan S Lasher	bg1984-07-15		gxd	!155 edits this file
bg1984-07-22	1984-07-22	sunday		missing						
bg1984-07-29	1984-07-29	sunday		missing						
bg1984-08-05	1984-08-05	sunday		in-gxd	Dog Days	Jordan S Lasher	bg1984-08-05		gxd	!155 edits this file
bg1984-08-12	1984-08-12	sunday		in-gxd	In Rare Form	Jordan S Lasher	bg1984-08-12		gxd	!155 edits this file
bg1984-08-19	1984-08-19	sunday		in-gxd	Just an Illusion	Jordan S Lasher	bg1984-08-19		gxd	!155 edits this file
bg1984-08-26	1984-08-26	sunday		in-gxd	Un-Classic	Jordan S Lasher	bg1984-08-26		gxd	!155 edits this file
bg1984-09-02	1984-09-02	sunday		missing						
bg1984-09-09	1984-09-09	sunday		missing						
bg1984-09-16	1984-09-16	sunday		in-gxd	When in Rome...	Jordan S Lasher	bg1984-09-16		gxd	!155 edits this file
bg1984-09-23	1984-09-23	sunday		in-gxd	Sailing, Sailing	Jordan S Lasher	bg1984-09-23		gxd	!155 edits this file
bg1984-09-30	1984-09-30	sunday		in-gxd	What the Dickens	Jordan S Lasher	bg1984-09-30		gxd	!155 edits this file
bg1984-10-07	1984-10-07	sunday		in-gxd	Elevens	Jordan S Lasher	bg1984-10-07		gxd	!155 edits this file
bg1984-10-14	1984-10-14	sunday		missing						
bg1984-10-21	1984-10-21	sunday		missing						
bg1984-10-28	1984-10-28	sunday		in-gxd	Trick or Treat?	Jordan S Lasher	bg1984-10-28		gxd	!155 edits this file
bg1984-11-04	1984-11-04	sunday		missing						
bg1984-11-11	1984-11-11	sunday		missing						
bg1984-11-18	1984-11-18	sunday		missing						
bg1984-11-25	1984-11-25	sunday		missing						
bg1984-12-02	1984-12-02	sunday		missing						
bg1984-12-09	1984-12-09	sunday		missing						
bg1984-12-16	1984-12-16	sunday		missing						
bg1984-12-23	1984-12-23	sunday		missing						
bg1984-12-30	1984-12-30	sunday		missing						
bg1985-01-06	1985-01-06	sunday		missing						
bg1985-01-13	1985-01-13	sunday		missing						
bg1985-01-20	1985-01-20	sunday		missing						
bg1985-01-27	1985-01-27	sunday		missing						
bg1985-02-03	1985-02-03	sunday		missing						
bg1985-02-10	1985-02-10	sunday		missing						
bg1985-02-17	1985-02-17	sunday		missing						
bg1985-02-24	1985-02-24	sunday		missing						
bg1985-03-03	1985-03-03	sunday		missing						
bg1985-03-10	1985-03-10	sunday		missing						
bg1985-03-17	1985-03-17	sunday		missing						
bg1985-03-24	1985-03-24	sunday		missing						
bg1985-03-31	1985-03-31	sunday		missing						
bg1985-04-07	1985-04-07	sunday		missing						
bg1985-04-14	1985-04-14	sunday		missing						
bg1985-04-21	1985-04-21	sunday		missing						
bg1985-04-28	1985-04-28	sunday		missing						
bg1985-05-05	1985-05-05	sunday		missing						
bg1985-05-12	1985-05-12	sunday		missing						
bg1985-05-19	1985-05-19	sunday		missing						
bg1985-05-26	1985-05-26	sunday		missing						
bg1985-06-02	1985-06-02	sunday		missing						
bg1985-06-09	1985-06-09	sunday		missing						
bg1985-06-16	1985-06-16	sunday		missing						
bg1985-06-23	1985-06-23	sunday		missing						
bg1985-06-30	1985-06-30	sunday		missing						
bg1985-07-07	1985-07-07	sunday		missing						
bg1985-07-14	1985-07-14	sunday		missing						
bg1985-07-21	1985-07-21	sunday		missing						
bg1985-07-28	1985-07-28	sunday		missing						
bg1985-08-04	1985-08-04	sunday		in-gxd	Reds	Emily Cox and Henry Rathvon	bg1985-08-04		gxd	!155 edits this file
bg1985-08-11	1985-08-11	sunday		missing						
bg1985-08-18	1985-08-18	sunday		in-gxd	Down Under	Emily Cox and Henry Rathvon	bg1985-08-18		gxd	!155 edits this file
bg1985-08-25	1985-08-25	sunday		in-gxd	Pack of Cards ECHR	Emily Cox and Henry Rathvon	bg1985-08-25		gxd	!155 edits this file
bg1985-09-01	1985-09-01	sunday		missing						
bg1985-09-08	1985-09-08	sunday		in-gxd	Moonlighting	Emily Cox and Henry Rathvon	bg1985-09-08		gxd	!155 edits this file
bg1985-09-15	1985-09-15	sunday		in-gxd	Diamond Mine	Emily Cox and Henry Rathvon	bg1985-09-15		gxd	!155 edits this file
bg1985-09-22	1985-09-22	sunday		in-gxd	Elephant Jokes	Emily Cox and Henry Rathvon	bg1985-09-22		gxd	!155 edits this file
bg1985-09-29	1985-09-29	sunday		missing						
bg1985-10-06	1985-10-06	sunday		in-gxd	Hash House Lingo	Emily Cox and Henry Rathvon	bg1985-10-06		gxd	!155 edits this file
bg1985-10-13	1985-10-13	sunday		missing						
bg1985-10-20	1985-10-20	sunday		missing						
bg1985-10-27	1985-10-27	sunday		missing						
bg1985-11-03	1985-11-03	sunday		in-gxd	Fall Fever	Emily Cox and Henry Rathvon	bg1985-11-03		gxd	!155 edits this file
bg1985-11-10	1985-11-10	sunday		in-gxd	Army Antics	Emily Cox and Henry Rathvon	bg1985-11-10		gxd	!155 edits this file
bg1985-11-17	1985-11-17	sunday		in-gxd	Tee-Totaling	Emily Cox and Henry Rathvon	bg1985-11-17		gxd	!155 edits this file
bg1985-11-24	1985-11-24	sunday		in-gxd	Odd Couples	Emily Cox and Henry Rathvon	bg1985-11-24		gxd	!155 edits this file
bg1985-12-01	1985-12-01	sunday		in-gxd	Dress Code	Emily Cox and Henry Rathvon	bg1985-12-01		gxd	!155 edits this file
bg1985-12-08	1985-12-08	sunday		in-gxd	Star Quality	Emily Cox and Henry Rathvon	bg1985-12-08		gxd	!155 edits this file
bg1985-12-15	1985-12-15	sunday		in-gxd	Alphabet Soup	Emily Cox and Henry Rathvon	bg1985-12-15		gxd	!155 edits this file
bg1985-12-22	1985-12-22	sunday		in-gxd	School Daze	Emily Cox and Henry Rathvon	bg1985-12-22		gxd	!155 edits this file
bg1985-12-29	1985-12-29	sunday		in-gxd	Table Spooner	Emily Cox and Henry Rathvon	bg1985-12-29		gxd	!155 edits this file
bg1986-01-05	1986-01-05	sunday		in-gxd	Calendar	Jordan S Lasher	bg1986-01-05		gxd	!155 edits this file
bg1986-01-12	1986-01-12	sunday		in-gxd	Out of the Woodwork	Emily Cox and Henry Rathvon	bg1986-01-12		gxd	!155 edits this file
bg1986-01-19	1986-01-19	sunday		in-gxd	Take Me Away	Jordan S Lasher	bg1986-01-19		gxd	!155 edits this file
bg1986-01-26	1986-01-26	sunday		in-gxd	P.S.	Emily Cox and Henry Rathvon	bg1986-01-26		gxd	!155 edits this file
bg1986-02-02	1986-02-02	sunday		in-gxd	Lack of Composure	Jordan S Lasher	bg1986-02-02		gxd	!155 edits this file
bg1986-02-09	1986-02-09	sunday		missing						
bg1986-02-16	1986-02-16	sunday		in-gxd	Presidents Day	Jordan S Lasher	bg1986-02-16		gxd	!155 edits this file
bg1986-02-23	1986-02-23	sunday		in-gxd	For Polyglots	Emily Cox and Henry Rathvon	bg1986-02-23		gxd	!155 edits this file
bg1986-03-02	1986-03-02	sunday		in-gxd	Boston Globe 860302	Jordan S Lasher	bg1986-03-02		gxd	!155 edits this file
bg1986-03-09	1986-03-09	sunday		missing						
bg1986-03-16	1986-03-16	sunday		in-gxd	You Can Look It Up	Jordan S Lasher	bg1986-03-16		gxd	!155 edits this file
bg1986-03-23	1986-03-23	sunday		in-gxd	Merrily Down the Stream	Emily Cox and Henry Rathvon	bg1986-03-23		gxd	!155 edits this file
bg1986-03-30	1986-03-30	sunday		in-gxd	Specificity	Jordan S Lasher	bg1986-03-30		gxd	!155 edits this file
bg1986-04-06	1986-04-06	sunday		in-gxd	Balls and Strikes	Emily Cox and Henry Rathvon	bg1986-04-06		gxd	!155 edits this file
bg1986-04-13	1986-04-13	sunday		in-gxd	Deadline	Jordan S Lasher	bg1986-04-13		gxd	!155 edits this file
bg1986-04-20	1986-04-20	sunday		in-gxd	Marathon Music	Emily Cox and Henry Rathvon	bg1986-04-20		gxd	!155 edits this file
bg1986-04-27	1986-04-27	sunday		in-gxd	Memoirabilia	Jordan S Lasher	bg1986-04-27		gxd	!155 edits this file
bg1986-05-04	1986-05-04	sunday		in-gxd	Say It With Flowers	Emily Cox and Henry Rathvon	bg1986-05-04		gxd	!155 edits this file
bg1986-05-11	1986-05-11	sunday		missing						
bg1986-05-18	1986-05-18	sunday		missing						
bg1986-05-25	1986-05-25	sunday		in-gxd	Escape From Reality	Jordan S Lasher	bg1986-05-25		gxd	!155 edits this file
bg1986-06-01	1986-06-01	sunday		missing						
bg1986-06-08	1986-06-08	sunday		in-gxd	Geography Quiz	Jordan S Lasher	bg1986-06-08		gxd	!155 edits this file
bg1986-06-15	1986-06-15	sunday		in-gxd	Fatherly Counsel	Emily Cox and Henry Rathvon	bg1986-06-15		gxd	!155 edits this file
bg1986-06-22	1986-06-22	sunday		in-gxd	Tis the Season	Jordan S Lasher	bg1986-06-22		gxd	!155 edits this file
bg1986-06-29	1986-06-29	sunday		in-gxd	Sequels	Emily Cox and Henry Rathvon	bg1986-06-29		gxd	!155 edits this file
bg1986-07-06	1986-07-06	sunday		in-gxd	Teamwork	Jordan S Lasher	bg1986-07-06		gxd	!155 edits this file
bg1986-07-13	1986-07-13	sunday		missing						
bg1986-07-20	1986-07-20	sunday		in-gxd	Mass Production	Jordan S Lasher	bg1986-07-20		gxd	!155 edits this file
bg1986-07-27	1986-07-27	sunday		missing						
bg1986-08-03	1986-08-03	sunday		in-gxd	Slightly Off-Color	Jordan S Lasher	bg1986-08-03		gxd	!155 edits this file
bg1986-08-10	1986-08-10	sunday		in-gxd	Dramatic Trivia	Emily Cox and Henry Rathvon	bg1986-08-10		gxd	!155 edits this file
bg1986-08-17	1986-08-17	sunday		in-gxd	Away From It All	Jordan S Lasher	bg1986-08-17		gxd	!155 edits this file
bg1986-08-24	1986-08-24	sunday		in-gxd	Potluck	Emily Cox and Henry Rathvon	bg1986-08-24		gxd	!155 edits this file
bg1986-08-31	1986-08-31	sunday		missing						
bg1986-09-07	1986-09-07	sunday		missing						
bg1986-09-14	1986-09-14	sunday		missing						
bg1986-09-21	1986-09-21	sunday		missing						
bg1986-09-28	1986-09-28	sunday		missing						
bg1986-10-05	1986-10-05	sunday		missing						
bg1986-10-12	1986-10-12	sunday		in-gxd	Chris-cross	Henry Hook	bg1986-10-12		gxd	!155 edits this file
bg1986-10-19	1986-10-19	sunday		in-gxd	Getting On	Emily Cox and Henry Rathvon	bg1986-10-19		gxd	!155 edits this file
bg1986-10-26	1986-10-26	sunday		missing						
bg1986-11-02	1986-11-02	sunday		missing						
bg1986-11-09	1986-11-09	sunday		missing						
bg1986-11-16	1986-11-16	sunday		missing						
bg1986-11-23	1986-11-23	sunday		missing						
bg1986-11-30	1986-11-30	sunday		missing						
bg1986-12-07	1986-12-07	sunday		missing						
bg1986-12-14	1986-12-14	sunday		missing						
bg1986-12-21	1986-12-21	sunday		missing						
bg1986-12-28	1986-12-28	sunday		missing						
bg1987-01-04	1987-01-04	sunday		missing						
bg1987-01-11	1987-01-11	sunday		in-gxd	Maine Line	Emily Cox and Henry Rathvon	bg1987-01-11		gxd	!155 edits this file
bg1987-01-18	1987-01-18	sunday		in-gxd	Happy Birthweek!	Henry Hook	bg1987-01-18		gxd	!155 edits this file
bg1987-01-25	1987-01-25	sunday		in-gxd	Numbers	Emily Cox and Henry Rathvon	bg1987-01-25		gxd	!155 edits this file
bg1987-02-01	1987-02-01	sunday		missing						
bg1987-02-08	1987-02-08	sunday		missing						
bg1987-02-15	1987-02-15	sunday		missing						
bg1987-02-22	1987-02-22	sunday		in-gxd	Joke Line	Emily Cox and Henry Rathvon	bg1987-02-22		gxd	!155 edits this file
bg1987-03-01	1987-03-01	sunday		in-gxd	March comes in...	Henry Hook	bg1987-03-01		gxd	!155 edits this file
bg1987-03-08	1987-03-08	sunday		in-gxd	Watchwords	Emily Cox and Henry Rathvon	bg1987-03-08		gxd	!155 edits this file
bg1987-03-15	1987-03-15	sunday		in-gxd	Beware the Ides	Henry Hook	bg1987-03-15		gxd	!155 edits this file
bg1987-03-22	1987-03-22	sunday		missing						
bg1987-03-29	1987-03-29	sunday		in-gxd	March Goes Out...	Henry Hook	bg1987-03-29		gxd	!155 edits this file
bg1987-04-05	1987-04-05	sunday		missing						
bg1987-04-12	1987-04-12	sunday		missing						
bg1987-04-19	1987-04-19	sunday		missing						
bg1987-04-26	1987-04-26	sunday		missing						
bg1987-05-03	1987-05-03	sunday		in-gxd	You can say that again	Emily Cox and Henry Rathvon	bg1987-05-03		gxd	!155 edits this file
bg1987-05-10	1987-05-10	sunday		missing						
bg1987-05-17	1987-05-17	sunday		missing						
bg1987-05-24	1987-05-24	sunday		missing						
bg1987-05-31	1987-05-31	sunday		in-gxd	Fanagrams	Emily Cox and Henry Rathvon	bg1987-05-31		gxd	!155 edits this file
bg1987-06-07	1987-06-07	sunday		in-gxd	Name Droppers	Henry Hook	bg1987-06-07		gxd	!155 edits this file
bg1987-06-14	1987-06-14	sunday		in-gxd	Knights-errant	Emily Cox and Henry Rathvon	bg1987-06-14		gxd	!155 edits this file
bg1987-06-21	1987-06-21	sunday		missing						
bg1987-06-28	1987-06-28	sunday		missing						
bg1987-07-05	1987-07-05	sunday		missing						
bg1987-07-12	1987-07-12	sunday		missing						
bg1987-07-19	1987-07-19	sunday		missing						
bg1987-07-26	1987-07-26	sunday		in-gxd	Alphabet Soup (2)	Emily Cox and Henry Rathvon	bg1987-07-26		gxd	!155 edits this file
bg1987-08-02	1987-08-02	sunday		missing						
bg1987-08-09	1987-08-09	sunday		in-gxd	Catcher in the Wry	Emily Cox and Henry Rathvon	bg1987-08-09		gxd	!155 edits this file
bg1987-08-16	1987-08-16	sunday		missing						
bg1987-08-23	1987-08-23	sunday		missing						
bg1987-08-30	1987-08-30	sunday		in-gxd	First Prize	Henry Hook	bg1987-08-30		gxd	!155 edits this file
bg1987-09-06	1987-09-06	sunday		in-gxd	Anamalese	Emily Cox and Henry Rathvon	bg1987-09-06		gxd	!155 edits this file
bg1987-09-13	1987-09-13	sunday		missing						
bg1987-09-20	1987-09-20	sunday		missing						
bg1987-09-27	1987-09-27	sunday		missing						
bg1987-10-04	1987-10-04	sunday		missing						
bg1987-10-11	1987-10-11	sunday		missing						
bg1987-10-18	1987-10-18	sunday		missing						
bg1987-10-25	1987-10-25	sunday		missing						
bg1987-11-01	1987-11-01	sunday		missing						
bg1987-11-08	1987-11-08	sunday		missing						
bg1987-11-15	1987-11-15	sunday		missing						
bg1987-11-22	1987-11-22	sunday		missing						
bg1987-11-29	1987-11-29	sunday		missing						
bg1987-12-06	1987-12-06	sunday		missing						
bg1987-12-13	1987-12-13	sunday		missing						
bg1987-12-20	1987-12-20	sunday		missing						
bg1987-12-27	1987-12-27	sunday		missing						
bg1988-01-03	1988-01-03	sunday		missing						
bg1988-01-10	1988-01-10	sunday		missing						
bg1988-01-17	1988-01-17	sunday		missing						
bg1988-01-24	1988-01-24	sunday		missing						
bg1988-01-31	1988-01-31	sunday		missing						
bg1988-02-07	1988-02-07	sunday		missing						
bg1988-02-14	1988-02-14	sunday		missing						
bg1988-02-21	1988-02-21	sunday		missing						
bg1988-02-28	1988-02-28	sunday		missing						
bg1988-03-06	1988-03-06	sunday		missing						
bg1988-03-13	1988-03-13	sunday		missing						
bg1988-03-20	1988-03-20	sunday		missing						
bg1988-03-27	1988-03-27	sunday		missing						
bg1988-04-03	1988-04-03	sunday		missing						
bg1988-04-10	1988-04-10	sunday		missing						
bg1988-04-17	1988-04-17	sunday		missing						
bg1988-04-24	1988-04-24	sunday		missing						
bg1988-05-01	1988-05-01	sunday		missing						
bg1988-05-08	1988-05-08	sunday		missing						
bg1988-05-15	1988-05-15	sunday		missing						
bg1988-05-22	1988-05-22	sunday		missing						
bg1988-05-29	1988-05-29	sunday		missing						
bg1988-06-05	1988-06-05	sunday		missing						
bg1988-06-12	1988-06-12	sunday		missing						
bg1988-06-19	1988-06-19	sunday		missing						
bg1988-06-26	1988-06-26	sunday		missing						
bg1988-07-03	1988-07-03	sunday		missing						
bg1988-07-10	1988-07-10	sunday		in-gxd	Do You Hear an Echo?	Emily Cox and Henry Rathvon	bg1988-07-10		gxd	!155 edits this file
bg1988-07-17	1988-07-17	sunday		missing						
bg1988-07-24	1988-07-24	sunday		missing						
bg1988-07-31	1988-07-31	sunday		missing						
bg1988-08-07	1988-08-07	sunday		missing						
bg1988-08-14	1988-08-14	sunday		missing						
bg1988-08-21	1988-08-21	sunday		missing						
bg1988-08-28	1988-08-28	sunday		missing						
bg1988-09-04	1988-09-04	sunday		missing						
bg1988-09-11	1988-09-11	sunday		missing						
bg1988-09-18	1988-09-18	sunday		missing						
bg1988-09-25	1988-09-25	sunday		missing						
bg1988-10-02	1988-10-02	sunday		missing						
bg1988-10-09	1988-10-09	sunday		missing						
bg1988-10-16	1988-10-16	sunday		in-gxd	Triplets	Emily Cox and Henry Rathvon	bg1988-10-16		gxd	!155 edits this file
bg1988-10-23	1988-10-23	sunday		missing						
bg1988-10-30	1988-10-30	sunday		missing						
bg1988-11-06	1988-11-06	sunday		missing						
bg1988-11-13	1988-11-13	sunday		missing						
bg1988-11-20	1988-11-20	sunday		missing						
bg1988-11-27	1988-11-27	sunday		missing						
bg1988-12-04	1988-12-04	sunday		missing						
bg1988-12-11	1988-12-11	sunday		in-gxd	In Black and White	Emily Cox and Henry Rathvon	bg1988-12-11		gxd	!155 edits this file
bg1988-12-18	1988-12-18	sunday		missing						
bg1988-12-25	1988-12-25	sunday		missing						
bg1989-01-01	1989-01-01	sunday		missing						
bg1989-01-08	1989-01-08	sunday		missing						
bg1989-01-15	1989-01-15	sunday		missing						
bg1989-01-22	1989-01-22	sunday		missing						
bg1989-01-29	1989-01-29	sunday		missing						
bg1989-02-05	1989-02-05	sunday		missing						
bg1989-02-12	1989-02-12	sunday		missing						
bg1989-02-19	1989-02-19	sunday		missing						
bg1989-02-26	1989-02-26	sunday		missing						
bg1989-03-05	1989-03-05	sunday		missing						
bg1989-03-12	1989-03-12	sunday		missing						
bg1989-03-19	1989-03-19	sunday		missing						
bg1989-03-26	1989-03-26	sunday		missing						
bg1989-04-02	1989-04-02	sunday		missing						
bg1989-04-09	1989-04-09	sunday		missing						
bg1989-04-16	1989-04-16	sunday		missing						
bg1989-04-23	1989-04-23	sunday		missing						
bg1989-04-30	1989-04-30	sunday		missing						
bg1989-05-07	1989-05-07	sunday		missing						
bg1989-05-14	1989-05-14	sunday		missing						
bg1989-05-21	1989-05-21	sunday		missing						
bg1989-05-28	1989-05-28	sunday		missing						
bg1989-06-04	1989-06-04	sunday		missing						
bg1989-06-11	1989-06-11	sunday		missing						
bg1989-06-18	1989-06-18	sunday		missing						
bg1989-06-25	1989-06-25	sunday		missing						
bg1989-07-02	1989-07-02	sunday		missing						
bg1989-07-09	1989-07-09	sunday		missing						
bg1989-07-16	1989-07-16	sunday		missing						
bg1989-07-23	1989-07-23	sunday		missing						
bg1989-07-30	1989-07-30	sunday		missing						
bg1989-08-06	1989-08-06	sunday		missing						
bg1989-08-13	1989-08-13	sunday		missing						
bg1989-08-20	1989-08-20	sunday		missing						
bg1989-08-27	1989-08-27	sunday		missing						
bg1989-09-03	1989-09-03	sunday		missing						
bg1989-09-10	1989-09-10	sunday		missing						
bg1989-09-17	1989-09-17	sunday		missing						
bg1989-09-24	1989-09-24	sunday		missing						
bg1989-10-01	1989-10-01	sunday		missing						
bg1989-10-08	1989-10-08	sunday		missing						
bg1989-10-15	1989-10-15	sunday		missing						
bg1989-10-22	1989-10-22	sunday		missing						
bg1989-10-29	1989-10-29	sunday		missing						
bg1989-11-05	1989-11-05	sunday		missing						
bg1989-11-12	1989-11-12	sunday		missing						
bg1989-11-19	1989-11-19	sunday		missing						
bg1989-11-26	1989-11-26	sunday		missing						
bg1989-12-03	1989-12-03	sunday		missing						
bg1989-12-10	1989-12-10	sunday		missing						
bg1989-12-17	1989-12-17	sunday		missing						
bg1989-12-24	1989-12-24	sunday		missing						
bg1989-12-31	1989-12-31	sunday		missing						
bg1990-01-07	1990-01-07	sunday		missing						
bg1990-01-14	1990-01-14	sunday		missing						
bg1990-01-21	1990-01-21	sunday		missing						
bg1990-01-28	1990-01-28	sunday		missing						
bg1990-02-04	1990-02-04	sunday		missing						
bg1990-02-11	1990-02-11	sunday		missing						
bg1990-02-18	1990-02-18	sunday		missing						
bg1990-02-25	1990-02-25	sunday		missing						
bg1990-03-04	1990-03-04	sunday		missing						
bg1990-03-11	1990-03-11	sunday		missing						
bg1990-03-18	1990-03-18	sunday		missing						
bg1990-03-25	1990-03-25	sunday		missing						
bg1990-04-01	1990-04-01	sunday		missing						
bg1990-04-08	1990-04-08	sunday		missing						
bg1990-04-15	1990-04-15	sunday		missing						
bg1990-04-22	1990-04-22	sunday		missing						
bg1990-04-29	1990-04-29	sunday		missing						
bg1990-05-06	1990-05-06	sunday		missing						
bg1990-05-13	1990-05-13	sunday		missing						
bg1990-05-20	1990-05-20	sunday		missing						
bg1990-05-27	1990-05-27	sunday		missing						
bg1990-06-03	1990-06-03	sunday		missing						
bg1990-06-10	1990-06-10	sunday		missing						
bg1990-06-17	1990-06-17	sunday		missing						
bg1990-06-24	1990-06-24	sunday		missing						
bg1990-07-01	1990-07-01	sunday		missing						
bg1990-07-08	1990-07-08	sunday		missing						
bg1990-07-15	1990-07-15	sunday		missing						
bg1990-07-22	1990-07-22	sunday		missing						
bg1990-07-29	1990-07-29	sunday		missing						
bg1990-08-05	1990-08-05	sunday		missing						
bg1990-08-12	1990-08-12	sunday		missing						
bg1990-08-19	1990-08-19	sunday		missing						
bg1990-08-26	1990-08-26	sunday		missing						
bg1990-09-02	1990-09-02	sunday		missing						
bg1990-09-09	1990-09-09	sunday		missing						
bg1990-09-16	1990-09-16	sunday		missing						
bg1990-09-23	1990-09-23	sunday		missing						
bg1990-09-30	1990-09-30	sunday		missing						
bg1990-10-07	1990-10-07	sunday		missing						
bg1990-10-14	1990-10-14	sunday		missing						
bg1990-10-21	1990-10-21	sunday		missing						
bg1990-10-28	1990-10-28	sunday		missing						
bg1990-11-04	1990-11-04	sunday		missing						
bg1990-11-11	1990-11-11	sunday		missing						
bg1990-11-18	1990-11-18	sunday		missing						
bg1990-11-25	1990-11-25	sunday		missing						
bg1990-12-02	1990-12-02	sunday		missing						
bg1990-12-09	1990-12-09	sunday		missing						
bg1990-12-16	1990-12-16	sunday		missing						
bg1990-12-23	1990-12-23	sunday		missing						
bg1990-12-30	1990-12-30	sunday		missing						
bg1991-01-06	1991-01-06	sunday		missing						
bg1991-01-13	1991-01-13	sunday		missing						
bg1991-01-20	1991-01-20	sunday		missing						
bg1991-01-27	1991-01-27	sunday		missing						
bg1991-02-03	1991-02-03	sunday		missing						
bg1991-02-10	1991-02-10	sunday		missing						
bg1991-02-17	1991-02-17	sunday		missing						
bg1991-02-24	1991-02-24	sunday		missing						
bg1991-03-03	1991-03-03	sunday		missing						
bg1991-03-10	1991-03-10	sunday		missing						
bg1991-03-17	1991-03-17	sunday		missing						
bg1991-03-24	1991-03-24	sunday		missing						
bg1991-03-31	1991-03-31	sunday		missing						
bg1991-04-07	1991-04-07	sunday		missing						
bg1991-04-14	1991-04-14	sunday		missing						
bg1991-04-21	1991-04-21	sunday		missing						
bg1991-04-28	1991-04-28	sunday		missing						
bg1991-05-05	1991-05-05	sunday		missing						
bg1991-05-12	1991-05-12	sunday		missing						
bg1991-05-19	1991-05-19	sunday		missing						
bg1991-05-26	1991-05-26	sunday		missing						
bg1991-06-02	1991-06-02	sunday		missing						
bg1991-06-09	1991-06-09	sunday		missing						
bg1991-06-16	1991-06-16	sunday		missing						
bg1991-06-23	1991-06-23	sunday		missing						
bg1991-06-30	1991-06-30	sunday		missing						
bg1991-07-07	1991-07-07	sunday		missing						
bg1991-07-14	1991-07-14	sunday		missing						
bg1991-07-21	1991-07-21	sunday		missing						
bg1991-07-28	1991-07-28	sunday		missing						
bg1991-08-04	1991-08-04	sunday		missing						
bg1991-08-11	1991-08-11	sunday		missing						
bg1991-08-18	1991-08-18	sunday		missing						
bg1991-08-25	1991-08-25	sunday		missing						
bg1991-09-01	1991-09-01	sunday		missing						
bg1991-09-08	1991-09-08	sunday		missing						
bg1991-09-15	1991-09-15	sunday		missing						
bg1991-09-22	1991-09-22	sunday		missing						
bg1991-09-29	1991-09-29	sunday		missing						
bg1991-10-06	1991-10-06	sunday		missing						
bg1991-10-13	1991-10-13	sunday		missing						
bg1991-10-20	1991-10-20	sunday		missing						
bg1991-10-27	1991-10-27	sunday		missing						
bg1991-11-03	1991-11-03	sunday		missing						
bg1991-11-10	1991-11-10	sunday		missing						
bg1991-11-17	1991-11-17	sunday		missing						
bg1991-11-24	1991-11-24	sunday		missing						
bg1991-12-01	1991-12-01	sunday		missing						
bg1991-12-08	1991-12-08	sunday		missing						
bg1991-12-15	1991-12-15	sunday		missing						
bg1991-12-22	1991-12-22	sunday		missing						
bg1991-12-29	1991-12-29	sunday		missing						
bg1992-01-05	1992-01-05	sunday		missing						
bg1992-01-12	1992-01-12	sunday		missing						
bg1992-01-19	1992-01-19	sunday		missing						
bg1992-01-26	1992-01-26	sunday		missing						
bg1992-02-02	1992-02-02	sunday		missing						
bg1992-02-09	1992-02-09	sunday		missing						
bg1992-02-16	1992-02-16	sunday		missing						
bg1992-02-23	1992-02-23	sunday		missing						
bg1992-03-01	1992-03-01	sunday		missing						
bg1992-03-08	1992-03-08	sunday		missing						
bg1992-03-15	1992-03-15	sunday		missing						
bg1992-03-22	1992-03-22	sunday		missing						
bg1992-03-29	1992-03-29	sunday		missing						
bg1992-04-05	1992-04-05	sunday		missing						
bg1992-04-12	1992-04-12	sunday		missing						
bg1992-04-19	1992-04-19	sunday		missing						
bg1992-04-26	1992-04-26	sunday		missing						
bg1992-05-03	1992-05-03	sunday		missing						
bg1992-05-10	1992-05-10	sunday		missing						
bg1992-05-17	1992-05-17	sunday		missing						
bg1992-05-24	1992-05-24	sunday		missing						
bg1992-05-31	1992-05-31	sunday		missing						
bg1992-06-07	1992-06-07	sunday		missing						
bg1992-06-14	1992-06-14	sunday		missing						
bg1992-06-21	1992-06-21	sunday		missing						
bg1992-06-28	1992-06-28	sunday		missing						
bg1992-07-05	1992-07-05	sunday		missing						
bg1992-07-12	1992-07-12	sunday		missing						
bg1992-07-19	1992-07-19	sunday		missing						
bg1992-07-26	1992-07-26	sunday		missing						
bg1992-08-02	1992-08-02	sunday		missing						
bg1992-08-09	1992-08-09	sunday		missing						
bg1992-08-16	1992-08-16	sunday		missing						
bg1992-08-23	1992-08-23	sunday		missing						
bg1992-08-30	1992-08-30	sunday		missing						
bg1992-09-06	1992-09-06	sunday		missing						
bg1992-09-13	1992-09-13	sunday		missing						
bg1992-09-20	1992-09-20	sunday		missing						
bg1992-09-27	1992-09-27	sunday		missing						
bg1992-10-04	1992-10-04	sunday		missing						
bg1992-10-11	1992-10-11	sunday		missing						
bg1992-10-18	1992-10-18	sunday		missing						
bg1992-10-25	1992-10-25	sunday		missing						
bg1992-11-01	1992-11-01	sunday		missing						
bg1992-11-08	1992-11-08	sunday		missing						
bg1992-11-15	1992-11-15	sunday		missing						
bg1992-11-22	1992-11-22	sunday		missing						
bg1992-11-29	1992-11-29	sunday		missing						
bg1992-12-06	1992-12-06	sunday		missing						
bg1992-12-13	1992-12-13	sunday		missing						
bg1992-12-20	1992-12-20	sunday		missing						
bg1992-12-27	1992-12-27	sunday		missing						
bg1993-01-03	1993-01-03	sunday		missing						
bg1993-01-10	1993-01-10	sunday		missing						
bg1993-01-17	1993-01-17	sunday		missing						
bg1993-01-24	1993-01-24	sunday		missing						
bg1993-01-31	1993-01-31	sunday		missing						
bg1993-02-07	1993-02-07	sunday		missing						
bg1993-02-14	1993-02-14	sunday		missing						
bg1993-02-21	1993-02-21	sunday		missing						
bg1993-02-28	1993-02-28	sunday		missing						
bg1993-03-07	1993-03-07	sunday		missing						
bg1993-03-14	1993-03-14	sunday		missing						
bg1993-03-21	1993-03-21	sunday		missing						
bg1993-03-28	1993-03-28	sunday		missing						
bg1993-04-04	1993-04-04	sunday		missing						
bg1993-04-11	1993-04-11	sunday		missing						
bg1993-04-18	1993-04-18	sunday		missing						
bg1993-04-25	1993-04-25	sunday		missing						
bg1993-05-02	1993-05-02	sunday		missing						
bg1993-05-09	1993-05-09	sunday		missing						
bg1993-05-16	1993-05-16	sunday		missing						
bg1993-05-23	1993-05-23	sunday		missing						
bg1993-05-30	1993-05-30	sunday		missing						
bg1993-06-06	1993-06-06	sunday		missing						
bg1993-06-13	1993-06-13	sunday		missing						
bg1993-06-20	1993-06-20	sunday		missing						
bg1993-06-27	1993-06-27	sunday		missing						
bg1993-07-04	1993-07-04	sunday		missing						
bg1993-07-11	1993-07-11	sunday		missing						
bg1993-07-18	1993-07-18	sunday		missing						
bg1993-07-25	1993-07-25	sunday		missing						
bg1993-08-01	1993-08-01	sunday		missing						
bg1993-08-08	1993-08-08	sunday		missing						
bg1993-08-15	1993-08-15	sunday		missing						
bg1993-08-22	1993-08-22	sunday		missing						
bg1993-08-29	1993-08-29	sunday		missing						
bg1993-09-05	1993-09-05	sunday		missing						
bg1993-09-12	1993-09-12	sunday		missing						
bg1993-09-19	1993-09-19	sunday		missing						
bg1993-09-26	1993-09-26	sunday		missing						
bg1993-10-03	1993-10-03	sunday		missing						
bg1993-10-10	1993-10-10	sunday		missing						
bg1993-10-17	1993-10-17	sunday		missing						
bg1993-10-24	1993-10-24	sunday		missing						
bg1993-10-31	1993-10-31	sunday		missing						
bg1993-11-07	1993-11-07	sunday		missing						
bg1993-11-14	1993-11-14	sunday		missing						
bg1993-11-21	1993-11-21	sunday		missing						
bg1993-11-28	1993-11-28	sunday		missing						
bg1993-12-05	1993-12-05	sunday		missing						
bg1993-12-12	1993-12-12	sunday		missing						
bg1993-12-19	1993-12-19	sunday		missing						
bg1993-12-26	1993-12-26	sunday		missing						
bg1994-01-02	1994-01-02	sunday		missing						
bg1994-01-09	1994-01-09	sunday		missing						
bg1994-01-16	1994-01-16	sunday		missing						
bg1994-01-23	1994-01-23	sunday		missing						
bg1994-01-30	1994-01-30	sunday		missing						
bg1994-02-06	1994-02-06	sunday		missing						
bg1994-02-13	1994-02-13	sunday		missing						
bg1994-02-20	1994-02-20	sunday		missing						
bg1994-02-27	1994-02-27	sunday		missing						
bg1994-03-06	1994-03-06	sunday		missing						
bg1994-03-13	1994-03-13	sunday		missing						
bg1994-03-20	1994-03-20	sunday		missing						
bg1994-03-27	1994-03-27	sunday		missing						
bg1994-04-03	1994-04-03	sunday		missing						
bg1994-04-10	1994-04-10	sunday		missing						
bg1994-04-17	1994-04-17	sunday		missing						
bg1994-04-24	1994-04-24	sunday		missing						
bg1994-05-01	1994-05-01	sunday		missing						
bg1994-05-08	1994-05-08	sunday		missing						
bg1994-05-15	1994-05-15	sunday		missing						
bg1994-05-22	1994-05-22	sunday		missing						
bg1994-05-29	1994-05-29	sunday		missing						
bg1994-06-05	1994-06-05	sunday		missing						
bg1994-06-12	1994-06-12	sunday		missing						
bg1994-06-19	1994-06-19	sunday		missing						
bg1994-06-26	1994-06-26	sunday		missing						
bg1994-07-03	1994-07-03	sunday		missing						
bg1994-07-10	1994-07-10	sunday		missing						
bg1994-07-17	1994-07-17	sunday		missing						
bg1994-07-24	1994-07-24	sunday		missing						
bg1994-07-31	1994-07-31	sunday		missing						
bg1994-08-07	1994-08-07	sunday		missing						
bg1994-08-14	1994-08-14	sunday		missing						
bg1994-08-21	1994-08-21	sunday		missing						
bg1994-08-28	1994-08-28	sunday		missing						
bg1994-09-04	1994-09-04	sunday		missing						
bg1994-09-11	1994-09-11	sunday		missing						
bg1994-09-18	1994-09-18	sunday		missing						
bg1994-09-25	1994-09-25	sunday		missing						
bg1994-10-02	1994-10-02	sunday		missing						
bg1994-10-09	1994-10-09	sunday		missing						
bg1994-10-16	1994-10-16	sunday		missing						
bg1994-10-23	1994-10-23	sunday		missing						
bg1994-10-30	1994-10-30	sunday		missing						
bg1994-11-06	1994-11-06	sunday		missing						
bg1994-11-13	1994-11-13	sunday		missing						
bg1994-11-20	1994-11-20	sunday		missing						
bg1994-11-27	1994-11-27	sunday		missing						
bg1994-12-04	1994-12-04	sunday		missing						
bg1994-12-11	1994-12-11	sunday		missing						
bg1994-12-18	1994-12-18	sunday		missing						
bg1994-12-25	1994-12-25	sunday		missing						
bg1995-01-01	1995-01-01	sunday		missing						
bg1995-01-08	1995-01-08	sunday		missing						
bg1995-01-15	1995-01-15	sunday		missing						
bg1995-01-22	1995-01-22	sunday		missing						
bg1995-01-29	1995-01-29	sunday		missing						
bg1995-02-05	1995-02-05	sunday		missing						
bg1995-02-12	1995-02-12	sunday		missing						
bg1995-02-19	1995-02-19	sunday		missing						
bg1995-02-26	1995-02-26	sunday		missing						
bg1995-03-05	1995-03-05	sunday		missing						
bg1995-03-12	1995-03-12	sunday		missing						
bg1995-03-19	1995-03-19	sunday		missing						
bg1995-03-26	1995-03-26	sunday		missing						
bg1995-04-02	1995-04-02	sunday		missing						
bg1995-04-09	1995-04-09	sunday		missing						
bg1995-04-16	1995-04-16	sunday		missing						
bg1995-04-23	1995-04-23	sunday		missing						
bg1995-04-30	1995-04-30	sunday		missing						
bg1995-05-07	1995-05-07	sunday		missing						
bg1995-05-14	1995-05-14	sunday		missing						
bg1995-05-21	1995-05-21	sunday		missing						
bg1995-05-28	1995-05-28	sunday		missing						
bg1995-06-04	1995-06-04	sunday		missing						
bg1995-06-11	1995-06-11	sunday		missing						
bg1995-06-18	1995-06-18	sunday		missing						
bg1995-06-25	1995-06-25	sunday		missing						
bg1995-07-02	1995-07-02	sunday		missing						
bg1995-07-09	1995-07-09	sunday		missing						
bg1995-07-16	1995-07-16	sunday		missing						
bg1995-07-23	1995-07-23	sunday		missing						
bg1995-07-30	1995-07-30	sunday		missing						
bg1995-08-06	1995-08-06	sunday		missing						
bg1995-08-13	1995-08-13	sunday		missing						
bg1995-08-20	1995-08-20	sunday		missing						
bg1995-08-27	1995-08-27	sunday		missing						
bg1995-09-03	1995-09-03	sunday		missing						
bg1995-09-10	1995-09-10	sunday		missing						
bg1995-09-17	1995-09-17	sunday		missing						
bg1995-09-24	1995-09-24	sunday		missing						
bg1995-10-01	1995-10-01	sunday		missing						
bg1995-10-08	1995-10-08	sunday		missing						
bg1995-10-15	1995-10-15	sunday		missing						
bg1995-10-22	1995-10-22	sunday		missing						
bg1995-10-29	1995-10-29	sunday		missing						
bg1995-11-05	1995-11-05	sunday		missing						
bg1995-11-12	1995-11-12	sunday		missing						
bg1995-11-19	1995-11-19	sunday		missing						
bg1995-11-26	1995-11-26	sunday		missing						
bg1995-12-03	1995-12-03	sunday		missing						
bg1995-12-10	1995-12-10	sunday		missing						
bg1995-12-17	1995-12-17	sunday		missing						
bg1995-12-24	1995-12-24	sunday		missing						
bg1995-12-31	1995-12-31	sunday		missing						
bg1996-01-07	1996-01-07	sunday		missing						
bg1996-01-14	1996-01-14	sunday		missing						
bg1996-01-21	1996-01-21	sunday		missing						
bg1996-01-28	1996-01-28	sunday		missing						
bg1996-02-04	1996-02-04	sunday		missing						
bg1996-02-11	1996-02-11	sunday		missing						
bg1996-02-18	1996-02-18	sunday		missing						
bg1996-02-25	1996-02-25	sunday		missing						
bg1996-03-03	1996-03-03	sunday		missing						
bg1996-03-10	1996-03-10	sunday		missing						
bg1996-03-17	1996-03-17	sunday		missing						
bg1996-03-24	1996-03-24	sunday		missing						
bg1996-03-31	1996-03-31	sunday		missing						
bg1996-04-07	1996-04-07	sunday		missing						
bg1996-04-14	1996-04-14	sunday		missing						
bg1996-04-21	1996-04-21	sunday		missing						
bg1996-04-28	1996-04-28	sunday		missing						
bg1996-05-05	1996-05-05	sunday		missing						
bg1996-05-12	1996-05-12	sunday		missing						
bg1996-05-19	1996-05-19	sunday		missing						
bg1996-05-26	1996-05-26	sunday		missing						
bg1996-06-02	1996-06-02	sunday		missing						
bg1996-06-09	1996-06-09	sunday		missing						
bg1996-06-16	1996-06-16	sunday		missing						
bg1996-06-23	1996-06-23	sunday		missing						
bg1996-06-30	1996-06-30	sunday		missing						
bg1996-07-07	1996-07-07	sunday		missing						
bg1996-07-14	1996-07-14	sunday		missing						
bg1996-07-21	1996-07-21	sunday		missing						
bg1996-07-28	1996-07-28	sunday		missing						
bg1996-08-04	1996-08-04	sunday		missing						
bg1996-08-11	1996-08-11	sunday		missing						
bg1996-08-18	1996-08-18	sunday		missing						
bg1996-08-25	1996-08-25	sunday		missing						
bg1996-09-01	1996-09-01	sunday		missing						
bg1996-09-08	1996-09-08	sunday		missing						
bg1996-09-15	1996-09-15	sunday		missing						
bg1996-09-22	1996-09-22	sunday		missing						
bg1996-09-29	1996-09-29	sunday		missing						
bg1996-10-06	1996-10-06	sunday		missing						
bg1996-10-13	1996-10-13	sunday		missing						
bg1996-10-20	1996-10-20	sunday		missing						
bg1996-10-27	1996-10-27	sunday		missing						
bg1996-11-03	1996-11-03	sunday		missing						
bg1996-11-10	1996-11-10	sunday		missing						
bg1996-11-17	1996-11-17	sunday		missing						
bg1996-11-24	1996-11-24	sunday		missing						
bg1996-12-01	1996-12-01	sunday		missing						
bg1996-12-08	1996-12-08	sunday		missing						
bg1996-12-15	1996-12-15	sunday		missing						
bg1996-12-22	1996-12-22	sunday		missing						
bg1996-12-29	1996-12-29	sunday		missing						
bg1997-01-05	1997-01-05	sunday		missing						
bg1997-01-12	1997-01-12	sunday		missing						
bg1997-01-19	1997-01-19	sunday		missing						
bg1997-01-26	1997-01-26	sunday		missing						
bg1997-02-02	1997-02-02	sunday		missing						
bg1997-02-09	1997-02-09	sunday		missing						
bg1997-02-16	1997-02-16	sunday		missing						
bg1997-02-23	1997-02-23	sunday		missing						
bg1997-03-02	1997-03-02	sunday		missing						
bg1997-03-09	1997-03-09	sunday		missing						
bg1997-03-16	1997-03-16	sunday		missing						
bg1997-03-23	1997-03-23	sunday		missing						
bg1997-03-30	1997-03-30	sunday		missing						
bg1997-04-06	1997-04-06	sunday		missing						
bg1997-04-13	1997-04-13	sunday		missing						
bg1997-04-20	1997-04-20	sunday		missing						
bg1997-04-27	1997-04-27	sunday		missing						
bg1997-05-04	1997-05-04	sunday		missing						
bg1997-05-11	1997-05-11	sunday		missing						
bg1997-05-18	1997-05-18	sunday		missing						
bg1997-05-25	1997-05-25	sunday		missing						
bg1997-06-01	1997-06-01	sunday		missing						
bg1997-06-08	1997-06-08	sunday		missing						
bg1997-06-15	1997-06-15	sunday		missing						
bg1997-06-22	1997-06-22	sunday		missing						
bg1997-06-29	1997-06-29	sunday		missing						
bg1997-07-06	1997-07-06	sunday		missing						
bg1997-07-13	1997-07-13	sunday		missing						
bg1997-07-20	1997-07-20	sunday		missing						
bg1997-07-27	1997-07-27	sunday		missing						
bg1997-08-03	1997-08-03	sunday		missing						
bg1997-08-10	1997-08-10	sunday		missing						
bg1997-08-17	1997-08-17	sunday		missing						
bg1997-08-24	1997-08-24	sunday		missing						
bg1997-08-31	1997-08-31	sunday		missing						
bg1997-09-07	1997-09-07	sunday		missing						
bg1997-09-14	1997-09-14	sunday		missing						
bg1997-09-21	1997-09-21	sunday		missing						
bg1997-09-28	1997-09-28	sunday		missing						
bg1997-10-05	1997-10-05	sunday		missing						
bg1997-10-12	1997-10-12	sunday		missing						
bg1997-10-19	1997-10-19	sunday		missing						
bg1997-10-26	1997-10-26	sunday		missing						
bg1997-11-02	1997-11-02	sunday		missing						
bg1997-11-09	1997-11-09	sunday		missing						
bg1997-11-16	1997-11-16	sunday		missing						
bg1997-11-23	1997-11-23	sunday		missing						
bg1997-11-30	1997-11-30	sunday		missing						
bg1997-12-07	1997-12-07	sunday		missing						
bg1997-12-14	1997-12-14	sunday		missing						
bg1997-12-21	1997-12-21	sunday		missing						
bg1997-12-28	1997-12-28	sunday		missing						
bg1998-01-04	1998-01-04	sunday		missing						
bg1998-01-11	1998-01-11	sunday		missing						
bg1998-01-18	1998-01-18	sunday		missing						
bg1998-01-25	1998-01-25	sunday		missing						
bg1998-02-01	1998-02-01	sunday		missing						
bg1998-02-08	1998-02-08	sunday		missing						
bg1998-02-15	1998-02-15	sunday		missing						
bg1998-02-22	1998-02-22	sunday		missing						
bg1998-03-01	1998-03-01	sunday		missing						
bg1998-03-08	1998-03-08	sunday		missing						
bg1998-03-15	1998-03-15	sunday		missing						
bg1998-03-22	1998-03-22	sunday		missing						
bg1998-03-29	1998-03-29	sunday		missing						
bg1998-04-05	1998-04-05	sunday		missing						
bg1998-04-12	1998-04-12	sunday		missing						
bg1998-04-19	1998-04-19	sunday		missing						
bg1998-04-26	1998-04-26	sunday		missing						
bg1998-05-03	1998-05-03	sunday		missing						
bg1998-05-10	1998-05-10	sunday		missing						
bg1998-05-17	1998-05-17	sunday		missing						
bg1998-05-24	1998-05-24	sunday		missing						
bg1998-05-31	1998-05-31	sunday		missing						
bg1998-06-07	1998-06-07	sunday		missing						
bg1998-06-14	1998-06-14	sunday		missing						
bg1998-06-21	1998-06-21	sunday		missing						
bg1998-06-28	1998-06-28	sunday		missing						
bg1998-07-05	1998-07-05	sunday		missing						
bg1998-07-12	1998-07-12	sunday		missing						
bg1998-07-19	1998-07-19	sunday		missing						
bg1998-07-26	1998-07-26	sunday		missing						
bg1998-08-02	1998-08-02	sunday		missing						
bg1998-08-09	1998-08-09	sunday		missing						
bg1998-08-16	1998-08-16	sunday		missing						
bg1998-08-23	1998-08-23	sunday		missing						
bg1998-08-30	1998-08-30	sunday		missing						
bg1998-09-06	1998-09-06	sunday		missing						
bg1998-09-13	1998-09-13	sunday		missing						
bg1998-09-20	1998-09-20	sunday		missing						
bg1998-09-27	1998-09-27	sunday		missing						
bg1998-10-04	1998-10-04	sunday		missing						
bg1998-10-11	1998-10-11	sunday		missing						
bg1998-10-18	1998-10-18	sunday		missing						
bg1998-10-25	1998-10-25	sunday		missing						
bg1998-11-01	1998-11-01	sunday		missing						
bg1998-11-08	1998-11-08	sunday		missing						
bg1998-11-15	1998-11-15	sunday		missing						
bg1998-11-22	1998-11-22	sunday		missing						
bg1998-11-29	1998-11-29	sunday		in-gxd	Anagrammed artists	Emily Cox and Henry Rathvon	bg1998-11-29		gxd	!155 edits this file
bg1998-12-06	1998-12-06	sunday		missing						
bg1998-12-13	1998-12-13	sunday		in-gxd	Carmen	Emily Cox and Henry Rathvon	bg1998-12-13		gxd	!155 edits this file
bg1998-12-20	1998-12-20	sunday		missing						
bg1998-12-27	1998-12-27	sunday		in-gxd	Party hats	Emily Cox and Henry Rathvon	bg1998-12-27		gxd	!155 edits this file
bg1999-01-02	1999-01-02	other		in-gxd	To the Nines	Henry Hook	bg1999-01-02		gxd	
bg1999-01-03	1999-01-03	sunday		missing						
bg1999-01-10	1999-01-10	sunday		in-gxd	Sumthing wrong?	Emily Cox and Henry Rathvon	bg1999-01-10		gxd	!155 edits this file
bg1999-01-16	1999-01-16	other		in-gxd	Double Whammy	Henry Hook	bg1999-01-16		gxd	
bg1999-01-17	1999-01-17	sunday		missing						
bg1999-01-24	1999-01-24	sunday		in-gxd	By design	Emily Cox and Henry Rathvon	bg1999-01-24		gxd	!155 edits this file
bg1999-01-31	1999-01-31	sunday		in-gxd	Riddle Me This	Henry Hook	bg1999-01-31		gxd	
bg1999-02-07	1999-02-07	sunday		in-gxd	Odd couple	Emily Cox and Henry Rathvon	bg1999-02-07		gxd	!155 edits this file
bg1999-02-14	1999-02-14	sunday		in-gxd	Be My Valentine	Henry Hook	bg1999-02-14		gxd	
bg1999-02-21	1999-02-21	sunday		in-gxd	Poetic license	Emily Cox and Henry Rathvon	bg1999-02-21		gxd	!155 edits this file
bg1999-02-28	1999-02-28	sunday		in-gxd	Asymmetrical	Henry Hook	bg1999-02-28		gxd	
bg1999-03-07	1999-03-07	sunday		in-gxd	Traditional rivalries	Emily Cox and Henry Rathvon	bg1999-03-07		gxd	!155 edits this file
bg1999-03-14	1999-03-14	sunday		in-gxd	The Y2K Problem	Henry Hook	bg1999-03-14		gxd	
bg1999-03-21	1999-03-21	sunday		in-gxd	Nothing added	Emily Cox and Henry Rathvon	bg1999-03-21		gxd	!155 edits this file
bg1999-03-28	1999-03-28	sunday		in-gxd	Show and Tell	Henry Hook	bg1999-03-28		gxd	
bg1999-04-04	1999-04-04	sunday		in-gxd	Top five	Emily Cox and Henry Rathvon	bg1999-04-04		gxd	!155 edits this file
bg1999-04-11	1999-04-11	sunday		in-gxd	Payback Time	Henry Hook	bg1999-04-11		gxd	
bg1999-04-18	1999-04-18	sunday		in-gxd	Silver lining	Emily Cox and Henry Rathvon	bg1999-04-18		gxd	!155 edits this file
bg1999-04-25	1999-04-25	sunday		in-gxd	Funny Foursome	Henry Hook	bg1999-04-25		gxd	
bg1999-05-02	1999-05-02	sunday		in-gxd	Tri-anagrams	Emily Cox and Henry Rathvon	bg1999-05-02		gxd	!155 edits this file
bg1999-05-09	1999-05-09	sunday		missing						
bg1999-05-16	1999-05-16	sunday		in-gxd	Smile!	Emily Cox and Henry Rathvon	bg1999-05-16		gxd	!155 edits this file
bg1999-05-23	1999-05-23	sunday		missing						
bg1999-05-30	1999-05-30	sunday		in-gxd	Beastros	Emily Cox and Henry Rathvon	bg1999-05-30		gxd	!155 edits this file
bg1999-06-06	1999-06-06	sunday		missing						
bg1999-06-13	1999-06-13	sunday		in-gxd	Creative writing	Emily Cox and Henry Rathvon	bg1999-06-13		gxd	!155 edits this file
bg1999-06-20	1999-06-20	sunday		missing						
bg1999-06-27	1999-06-27	sunday		in-gxd	Quadranagrams	Emily Cox and Henry Rathvon	bg1999-06-27		gxd	!155 edits this file
bg1999-07-04	1999-07-04	sunday		missing						
bg1999-07-11	1999-07-11	sunday		in-gxd	Berlesque	Emily Cox and Henry Rathvon	bg1999-07-11		gxd	!155 edits this file
bg1999-07-18	1999-07-18	sunday		missing						
bg1999-07-25	1999-07-25	sunday		in-gxd	Band Members	Emily Cox and Henry Rathvon	bg1999-07-25		gxd	!155 edits this file
bg1999-08-01	1999-08-01	sunday		missing						
bg1999-08-08	1999-08-08	sunday		in-gxd	Bread Circus	Emily Cox and Henry Rathvon	bg1999-08-08		gxd	!155 edits this file
bg1999-08-15	1999-08-15	sunday		missing						
bg1999-08-22	1999-08-22	sunday		in-gxd	If I Were U	Emily Cox and Henry Rathvon	bg1999-08-22		gxd	!155 edits this file
bg1999-08-29	1999-08-29	sunday		missing						
bg1999-09-05	1999-09-05	sunday		in-gxd	Love of labor	Emily Cox and Henry Rathvon	bg1999-09-05		gxd	!155 edits this file
bg1999-09-12	1999-09-12	sunday		missing						
bg1999-09-19	1999-09-19	sunday		in-gxd	3 by 3 by 3	Emily Cox and Henry Rathvon	bg1999-09-19		gxd	!155 edits this file
bg1999-09-26	1999-09-26	sunday		missing						
bg1999-10-03	1999-10-03	sunday		in-gxd	First and last of 50	Emily Cox and Henry Rathvon	bg1999-10-03		gxd	!155 edits this file
bg1999-10-10	1999-10-10	sunday		missing						
bg1999-10-17	1999-10-17	sunday		in-gxd	4 by 4 by 4	Emily Cox and Henry Rathvon	bg1999-10-17		gxd	!155 edits this file
bg1999-10-24	1999-10-24	sunday		missing						
bg1999-10-31	1999-10-31	sunday		in-gxd	Trick or Treat	Emily Cox and Henry Rathvon	bg1999-10-31		gxd	!155 edits this file
bg1999-11-07	1999-11-07	sunday		missing						
bg1999-11-14	1999-11-14	sunday		in-gxd	Tailor-Made	Emily Cox and Henry Rathvon	bg1999-11-14		gxd	!155 edits this file
bg1999-11-21	1999-11-21	sunday		missing						
bg1999-11-28	1999-11-28	sunday		in-gxd	Retro Fads	Emily Cox and Henry Rathvon	bg1999-11-28		gxd	!155 edits this file
bg1999-12-05	1999-12-05	sunday		missing						
bg1999-12-12	1999-12-12	sunday		in-gxd	Hats Off	Emily Cox and Henry Rathvon	bg1999-12-12		gxd	!155 edits this file
bg1999-12-19	1999-12-19	sunday		missing						
bg1999-12-26	1999-12-26	sunday		in-gxd	Y 2 K	Emily Cox and Henry Rathvon	bg1999-12-26		gxd	!155 edits this file
bg2000-01-02	2000-01-02	sunday		in-gxd	Forewarning	Henry Hook	bg2000-01-02		gxd	!155 edits this file
bg2000-01-09	2000-01-09	sunday		in-gxd	Lofty Credo	Emily Cox and Henry Rathvon	bg2000-01-09		gxd	!155 edits this file
bg2000-01-16	2000-01-16	sunday		in-gxd	Deci$ion$ Deci$ion$	Henry Hook	bg2000-01-16		gxd	!155 edits this file
bg2000-01-23	2000-01-23	sunday		in-gxd	Classical Act	Emily Cox and Henry Rathvon	bg2000-01-23		gxd	!155 edits this file
bg2000-01-30	2000-01-30	sunday		in-gxd	Sports Report	Henry Hook	bg2000-01-30		gxd	!155 edits this file
bg2000-02-06	2000-02-06	sunday		in-gxd	Personal Togs	Emily Cox and Henry Rathvon	bg2000-02-06		gxd	!155 edits this file
bg2000-02-13	2000-02-13	sunday		in-gxd	Married Names	Henry Hook	bg2000-02-13		gxd	!155 edits this file
bg2000-02-20	2000-02-20	sunday		in-gxd	Junior Executive	Emily Cox and Henry Rathvon	bg2000-02-20		gxd	!155 edits this file
bg2000-02-27	2000-02-27	sunday		in-gxd	Film Actresses	Henry Hook	bg2000-02-27		gxd	!155 edits this file
bg2000-03-05	2000-03-05	sunday		in-gxd	PTA Meetings	Emily Cox and Henry Rathvon	bg2000-03-05		gxd	!155 edits this file
bg2000-03-12	2000-03-12	sunday		in-gxd	Stand Pat	Henry Hook	bg2000-03-12		gxd	!155 edits this file
bg2000-03-19	2000-03-19	sunday		in-gxd	Four H Club	Emily Cox and Henry Rathvon	bg2000-03-19		gxd	!155 edits this file
bg2000-03-26	2000-03-26	sunday		in-gxd	Mine Your Ps and Qs	Henry Hook	bg2000-03-26		gxd	!155 edits this file
bg2000-04-02	2000-04-02	sunday		in-gxd	Climb On	Emily Cox and Henry Rathvon	bg2000-04-02		gxd	!155 edits this file
bg2000-04-09	2000-04-09	sunday		in-gxd	Never Mind	Henry Hook	bg2000-04-09		gxd	!155 edits this file
bg2000-04-16	2000-04-16	sunday		in-gxd	For Marathoners	Emily Cox and Henry Rathvon	bg2000-04-16		gxd	!155 edits this file
bg2000-04-23	2000-04-23	sunday		in-gxd	Math Poser	Henry Hook	bg2000-04-23		gxd	!155 edits this file
bg2000-04-30	2000-04-30	sunday		in-gxd	Have You Herd?	Emily Cox and Henry Rathvon	bg2000-04-30		gxd	!155 edits this file
bg2000-05-07	2000-05-07	sunday		in-gxd	Part Time	Henry Hook	bg2000-05-07		gxd	!155 edits this file
bg2000-05-14	2000-05-14	sunday		in-gxd	M-O-M	Emily Cox and Henry Rathvon	bg2000-05-14		gxd	!155 edits this file
bg2000-05-21	2000-05-21	sunday		in-gxd	Remote Possibilities	Henry Hook	bg2000-05-21		gxd	!155 edits this file
bg2000-05-28	2000-05-28	sunday		in-gxd	Right to Left	Emily Cox and Henry Rathvon	bg2000-05-28		gxd	!155 edits this file
bg2000-06-04	2000-06-04	sunday		in-gxd	Gender-neutral	Henry Hook	bg2000-06-04		gxd	!155 edits this file
bg2000-06-11	2000-06-11	sunday		in-gxd	Autobiographies	Emily Cox and Henry Rathvon	bg2000-06-11		gxd	!155 edits this file
bg2000-06-18	2000-06-18	sunday		in-gxd	Food For Thought	Henry Hook	bg2000-06-18		gxd	!155 edits this file
bg2000-06-25	2000-06-25	sunday		in-gxd	June 25 Boston Globe - "Pig Latin Lesson"	Emily Cox and Henry Rathvon	bg2000-06-25		gxd	!155 edits this file
bg2000-07-02	2000-07-02	sunday		in-gxd	High-Tech High Jinks	Henry Hook	bg2000-07-02		gxd	!155 edits this file
bg2000-07-09	2000-07-09	sunday		in-gxd	Three Jeers	Emily Cox and Henry Rathvon	bg2000-07-09		gxd	!155 edits this file
bg2000-07-16	2000-07-16	sunday		in-gxd	Totally Oz-some	Henry Hook	bg2000-07-16		gxd	!155 edits this file
bg2000-07-23	2000-07-23	sunday		in-gxd	Straight A's	Emily Cox and Henry Rathvon	bg2000-07-23		gxd	!155 edits this file
bg2000-07-30	2000-07-30	sunday		in-gxd	Summertime Blues	Henry Hook	bg2000-07-30		gxd	!155 edits this file
bg2000-08-06	2000-08-06	sunday		in-gxd	Mastermind	Emily Cox and Henry Rathvon	bg2000-08-06		gxd	!155 edits this file
bg2000-08-13	2000-08-13	sunday		in-gxd	In Suspense	Henry Hook	bg2000-08-13		gxd	!155 edits this file
bg2000-08-20	2000-08-20	sunday		in-gxd	Reading Letters	Emily Cox and Henry Rathvon	bg2000-08-20		gxd	!155 edits this file
bg2000-08-27	2000-08-27	sunday		in-gxd	Get The Point?	Henry Hook	bg2000-08-27		gxd	!155 edits this file
bg2000-09-03	2000-09-03	sunday		in-gxd	Bee-Winning Words	Emily Cox and Henry Rathvon	bg2000-09-03		gxd	!155 edits this file
bg2000-09-10	2000-09-10	sunday		in-gxd	Oh, Boy	Henry Hook	bg2000-09-10		gxd	!155 edits this file
bg2000-09-17	2000-09-17	sunday		in-gxd	I've Got a Hunch	Emily Cox and Henry Rathvon	bg2000-09-17		gxd	!155 edits this file
bg2000-09-24	2000-09-24	sunday		in-gxd	Minus One	Henry Hook	bg2000-09-24		gxd	!155 edits this file
bg2000-10-01	2000-10-01	sunday		in-gxd	Gold Gloves	Emily Cox and Henry Rathvon	bg2000-10-01		gxd	!155 edits this file
bg2000-10-08	2000-10-08	sunday		in-gxd	Questionable	Henry Hook	bg2000-10-08		gxd	!155 edits this file
bg2000-10-15	2000-10-15	sunday		in-gxd	Hitchcracked	Emily Cox and Henry Rathvon	bg2000-10-15		gxd	!155 edits this file
bg2000-10-22	2000-10-22	sunday		in-gxd	Election Forecast	Henry Hook	bg2000-10-22		gxd	!155 edits this file
bg2000-10-29	2000-10-29	sunday		in-gxd	Groan With the Wince	Emily Cox and Henry Rathvon	bg2000-10-29		gxd	!155 edits this file
bg2000-11-05	2000-11-05	sunday		in-gxd	School Daze	Henry Hook	bg2000-11-05		gxd	!155 edits this file
bg2000-11-12	2000-11-12	sunday		in-gxd	Tom Swifties	Emily Cox and Henry Rathvon	bg2000-11-12		gxd	!155 edits this file
bg2000-11-19	2000-11-19	sunday		in-gxd	T.Hanks Givings	Henry Hook	bg2000-11-19		gxd	!155 edits this file
bg2000-11-26	2000-11-26	sunday		in-gxd	Gray Matter	Emily Cox and Henry Rathvon	bg2000-11-26		gxd	!155 edits this file
bg2000-12-03	2000-12-03	sunday		in-gxd	Turning The Edit	Henry Hook	bg2000-12-03		gxd	!155 edits this file
bg2000-12-10	2000-12-10	sunday		in-gxd	Urban Mix	Emily Cox and Henry Rathvon	bg2000-12-10		gxd	!155 edits this file
bg2000-12-17	2000-12-17	sunday		in-gxd	It's Predicta-ball	Henry Hook	bg2000-12-17		gxd	!155 edits this file
bg2000-12-24	2000-12-24	sunday		in-gxd	It's a Wrap	Emily Cox and Henry Rathvon	bg2000-12-24		gxd	!155 edits this file
bg2000-12-31	2000-12-31	sunday		in-gxd	A _ odyssey	Henry Hook	bg2000-12-31		gxd	!155 edits this file
bg2001-01-07	2001-01-07	sunday		in-gxd	An Artijoke?	Emily Cox and Henry Rathvon	bg2001-01-07		gxd	!155 edits this file
bg2001-01-14	2001-01-14	sunday		in-gxd	Talking points	Henry Hook	bg2001-01-14		gxd	!155 edits this file
bg2001-01-21	2001-01-21	sunday		in-gxd	Wryming Game	Emily Cox and Henry Rathvon	bg2001-01-21		gxd	!155 edits this file
bg2001-01-28	2001-01-28	sunday		in-gxd	Hockey Lingo?	Henry Hook	bg2001-01-28		gxd	!155 edits this file
bg2001-02-04	2001-02-04	sunday		in-gxd	Smorgasbord	Emily Cox and Henry Rathvon	bg2001-02-04		gxd	!155 edits this file
bg2001-02-11	2001-02-11	sunday		in-gxd	Missing Linc(oln)	Henry Hook	bg2001-02-11		gxd	!155 edits this file
bg2001-02-18	2001-02-18	sunday		in-gxd	Squeeze Play	Emily Cox and Henry Rathvon	bg2001-02-18		gxd	!155 edits this file
bg2001-02-25	2001-02-25	sunday		in-gxd	Sell Phones?	Henry Hook	bg2001-02-25		gxd	!155 edits this file
bg2001-03-04	2001-03-04	sunday		in-gxd	Getting Even	Emily Cox and Henry Rathvon	bg2001-03-04		gxd	!155 edits this file
bg2001-03-11	2001-03-11	sunday		in-gxd	Golly G!	Henry Hook	bg2001-03-11		gxd	!155 edits this file
bg2001-03-18	2001-03-18	sunday		in-gxd	Tongue Twister Cafe	Emily Cox and Henry Rathvon	bg2001-03-18		gxd	!155 edits this file
bg2001-03-25	2001-03-25	sunday		missing						
bg2001-04-01	2001-04-01	sunday		in-gxd	Send in the Clones	Emily Cox and Henry Rathvon	bg2001-04-01		gxd	!155 edits this file
bg2001-04-08	2001-04-08	sunday		in-gxd	The 8 of April (Pieces of 8)	Henry Hook	bg2001-04-08		gxd	!155 edits this file
bg2001-04-15	2001-04-15	sunday		in-gxd	True to Form	Emily Cox and Henry Rathvon	bg2001-04-15		gxd	!155 edits this file
bg2001-04-22	2001-04-22	sunday		in-gxd	Chatterboxes	Henry Hook	bg2001-04-22		gxd	!155 edits this file
bg2001-04-29	2001-04-29	sunday		in-gxd	Sibilancy	Emily Cox and Henry Rathvon	bg2001-04-29		gxd	!155 edits this file
bg2001-05-06	2001-05-06	sunday		in-gxd	On the Links	Henry Hook	bg2001-05-06		gxd	!155 edits this file
bg2001-05-13	2001-05-13	sunday		in-gxd	Kid Stuff	Emily Cox and Henry Rathvon	bg2001-05-13		gxd	!155 edits this file
bg2001-05-20	2001-05-20	sunday		missing						
bg2001-05-27	2001-05-27	sunday		in-gxd	Foxworthy Festival	Emily Cox and Henry Rathvon	bg2001-05-27		gxd	!155 edits this file
bg2001-06-03	2001-06-03	sunday		missing						
bg2001-06-10	2001-06-10	sunday		in-gxd	Proper Ing-Lish	Emily Cox and Henry Rathvon	bg2001-06-10		gxd	!155 edits this file
bg2001-06-17	2001-06-17	sunday		missing						
bg2001-06-24	2001-06-24	sunday		in-gxd	At the Spoonerama	Emily Cox and Henry Rathvon	bg2001-06-24		gxd	!155 edits this file
bg2001-07-01	2001-07-01	sunday		missing						
bg2001-07-08	2001-07-08	sunday		in-gxd	Country Cooking	Emily Cox and Henry Rathvon	bg2001-07-08		gxd	!155 edits this file
bg2001-07-15	2001-07-15	sunday		missing						
bg2001-07-22	2001-07-22	sunday		in-gxd	Light Humor	Emily Cox and Henry Rathvon	bg2001-07-22		gxd	!155 edits this file
bg2001-07-27	2001-07-27	other		in-gxd	Boston Globe -- 27 July 2001	Roger Jurgovan	bg2001-07-27		gxd	
bg2001-07-29	2001-07-29	sunday		missing						
bg2001-08-05	2001-08-05	sunday		in-gxd	Nounsense	Emily Cox and Henry Rathvon	bg2001-08-05		gxd	!155 edits this file
bg2001-08-12	2001-08-12	sunday		missing						
bg2001-08-19	2001-08-19	sunday		in-gxd	Words to the Ys	Emily Cox and Henry Rathvon	bg2001-08-19		gxd	!155 edits this file
bg2001-08-26	2001-08-26	sunday		missing						
bg2001-09-02	2001-09-02	sunday		in-gxd	On the Road	Emily Cox and Henry Rathvon	bg2001-09-02		gxd	!155 edits this file
bg2001-09-09	2001-09-09	sunday		missing						
bg2001-09-16	2001-09-16	sunday		in-gxd	RT Pretensions	Emily Cox and Henry Rathvon	bg2001-09-16		gxd	!155 edits this file
bg2001-09-23	2001-09-23	sunday		missing						
bg2001-09-30	2001-09-30	sunday		in-gxd	A Shore Thing	Emily Cox and Henry Rathvon	bg2001-09-30		gxd	!155 edits this file
bg2001-10-07	2001-10-07	sunday		missing						
bg2001-10-14	2001-10-14	sunday		in-gxd	Add-Ons	Emily Cox and Henry Rathvon	bg2001-10-14		gxd	!155 edits this file
bg2001-10-21	2001-10-21	sunday		missing						
bg2001-10-28	2001-10-28	sunday		in-gxd	Ghostwriting	Emily Cox and Henry Rathvon	bg2001-10-28		gxd	!155 edits this file
bg2001-11-04	2001-11-04	sunday		missing						
bg2001-11-11	2001-11-11	sunday		in-gxd	Commercial Interruption	Emily Cox and Henry Rathvon	bg2001-11-11		gxd	!155 edits this file
bg2001-11-18	2001-11-18	sunday		missing						
bg2001-11-25	2001-11-25	sunday		in-gxd	Banned in Boston	Emily Cox and Henry Rathvon	bg2001-11-25		gxd	!155 edits this file
bg2001-12-02	2001-12-02	sunday		missing						
bg2001-12-09	2001-12-09	sunday		in-gxd	Who's There?	Emily Cox and Henry Rathvon	bg2001-12-09		gxd	!155 edits this file
bg2001-12-16	2001-12-16	sunday		missing						
bg2001-12-23	2001-12-23	sunday		in-gxd	The Wheel Deal	Emily Cox and Henry Rathvon	bg2001-12-23		gxd	!155 edits this file
bg2001-12-30	2001-12-30	sunday		missing						
bg2002-01-06	2002-01-06	sunday		in-gxd	Friends of Chris Cross	Emily Cox and Henry Rathvon	bg2002-01-06		gxd	!155 edits this file
bg2002-01-13	2002-01-13	sunday		missing						
bg2002-01-20	2002-01-20	sunday		in-gxd	Tribute	Emily Cox and Henry Rathvon	bg2002-01-20		gxd	!155 edits this file
bg2002-01-27	2002-01-27	sunday		missing						
bg2002-02-03	2002-02-03	sunday		in-gxd	Bloopers from the Bard	Emily Cox and Henry Rathvon	bg2002-02-03		gxd	!155 edits this file
bg2002-02-10	2002-02-10	sunday		missing						
bg2002-02-17	2002-02-17	sunday		in-gxd	Presidential Anagrams	Emily Cox and Henry Rathvon	bg2002-02-17		gxd	!155 edits this file
bg2002-02-24	2002-02-24	sunday		missing						
bg2002-03-03	2002-03-03	sunday		in-gxd	Dirty Pictures	Emily Cox and Henry Rathvon	bg2002-03-03		gxd	!155 edits this file
bg2002-03-10	2002-03-10	sunday		missing						
bg2002-03-17	2002-03-17	sunday		in-gxd	County Fair	Emily Cox and Henry Rathvon	bg2002-03-17		gxd	!155 edits this file
bg2002-03-24	2002-03-24	sunday		missing						
bg2002-03-31	2002-03-31	sunday		in-gxd	Bunny Business	Emily Cox and Henry Rathvon	bg2002-03-31		gxd	!155 edits this file
bg2002-04-07	2002-04-07	sunday		missing						
bg2002-04-14	2002-04-14	sunday		in-gxd	Levy Levity	Emily Cox and Henry Rathvon	bg2002-04-14		gxd	!155 edits this file
bg2002-04-21	2002-04-21	sunday		missing						
bg2002-04-28	2002-04-28	sunday		in-gxd	Twice Apun a Time	Emily Cox and Henry Rathvon	bg2002-04-28		gxd	!155 edits this file
bg2002-05-05	2002-05-05	sunday		missing						
bg2002-05-12	2002-05-12	sunday		in-gxd	The Ma-in Event	Emily Cox and Henry Rathvon	bg2002-05-12		gxd	!155 edits this file
bg2002-05-19	2002-05-19	sunday		missing						
bg2002-05-26	2002-05-26	sunday		in-gxd	Wrote Learning	Emily Cox and Henry Rathvon	bg2002-05-26		gxd	!155 edits this file
bg2002-06-02	2002-06-02	sunday		missing						
bg2002-06-09	2002-06-09	sunday		in-gxd	Metric Measures	Emily Cox and Henry Rathvon	bg2002-06-09		gxd	!155 edits this file
bg2002-06-16	2002-06-16	sunday		missing						
bg2002-06-23	2002-06-23	sunday		in-gxd	Buy A Vowel	Emily Cox and Henry Rathvon	bg2002-06-23		gxd	!155 edits this file
bg2002-06-30	2002-06-30	sunday		missing						
bg2002-07-07	2002-07-07	sunday		in-gxd	It's the Little Things	Emily Cox and Henry Rathvon	bg2002-07-07		gxd	!155 edits this file
bg2002-07-14	2002-07-14	sunday		in-gxd	Chatter Boxes	Henry Hook	bg2002-07-14		gxd	!155 edits this file
bg2002-07-21	2002-07-21	sunday		in-gxd	I Am Not an Animal	Emily Cox and Henry Rathvon	bg2002-07-21		gxd	!155 edits this file
bg2002-07-28	2002-07-28	sunday		in-gxd	Diamond History	Henry Hook	bg2002-07-28		gxd	!155 edits this file
bg2002-08-04	2002-08-04	sunday		in-gxd	Blank Books	Emily Cox and Henry Rathvon	bg2002-08-04		gxd	!155 edits this file
bg2002-08-11	2002-08-11	sunday		in-gxd	Competing Brands	Henry Hook	bg2002-08-11		gxd	!155 edits this file
bg2002-08-18	2002-08-18	sunday		in-gxd	Downfalls	Emily Cox and Henry Rathvon	bg2002-08-18		gxd	!155 edits this file
bg2002-08-25	2002-08-25	sunday		in-gxd	Carryalls	Henry Hook	bg2002-08-25		gxd	!155 edits this file
bg2002-09-01	2002-09-01	sunday		in-gxd	Double Features	Emily Cox and Henry Rathvon	bg2002-09-01		gxd	!155 edits this file
bg2002-09-08	2002-09-08	sunday		in-gxd	Namesakes	Henry Hook	bg2002-09-08		gxd	!155 edits this file
bg2002-09-15	2002-09-15	sunday		in-gxd	Rumpus Room	Emily Cox and Henry Rathvon	bg2002-09-15		gxd	!155 edits this file
bg2002-09-22	2002-09-22	sunday		in-gxd	+3.1416	Henry Hook	bg2002-09-22		gxd	!155 edits this file
bg2002-09-29	2002-09-29	sunday		in-gxd	Food to Go	Emily Cox and Henry Rathvon	bg2002-09-29		gxd	!155 edits this file
bg2002-10-06	2002-10-06	sunday		in-gxd	No Can Do	Henry Hook	bg2002-10-06		gxd	!155 edits this file
bg2002-10-13	2002-10-13	sunday		in-gxd	Capitalization	Emily Cox and Henry Rathvon	bg2002-10-13		gxd	!155 edits this file
bg2002-10-20	2002-10-20	sunday		in-gxd	Pillow Talk	Henry Hook	bg2002-10-20		gxd	!155 edits this file
bg2002-10-27	2002-10-27	sunday		in-gxd	Patron Saints	Emily Cox and Henry Rathvon	bg2002-10-27		gxd	!155 edits this file
bg2002-11-03	2002-11-03	sunday		in-gxd	Hoppy Talk	Henry Hook	bg2002-11-03		gxd	!155 edits this file
bg2002-11-10	2002-11-10	sunday		in-gxd	Novel Advice	Emily Cox and Henry Rathvon	bg2002-11-10		gxd	!155 edits this file
bg2002-11-17	2002-11-17	sunday		in-gxd	Something's Brewing	Henry Hook	bg2002-11-17		gxd	!155 edits this file
bg2002-11-24	2002-11-24	sunday		in-gxd	Indian Corn	Emily Cox and Henry Rathvon	bg2002-11-24		gxd	!155 edits this file
bg2002-12-01	2002-12-01	sunday		in-gxd	Near-Miss TV	Henry Hook	bg2002-12-01		gxd	!155 edits this file
bg2002-12-08	2002-12-08	sunday		in-gxd	Fabrications	Emily Cox and Henry Rathvon	bg2002-12-08		gxd	!155 edits this file
bg2002-12-15	2002-12-15	sunday		in-gxd	Off-Kilter	Henry Hook	bg2002-12-15		gxd	!155 edits this file
bg2002-12-22	2002-12-22	sunday		in-gxd	No-El	Emily Cox and Henry Rathvon	bg2002-12-22		gxd	!155 edits this file
bg2002-12-29	2002-12-29	sunday		in-gxd	Biased Comment	Henry Hook	bg2002-12-29		gxd	!155 edits this file
bg2003-01-05	2003-01-05	sunday		in-gxd	Hush-Hush	Emily Cox and Henry Rathvon	bg2003-01-05		gxd	!155 edits this file
bg2003-01-12	2003-01-12	sunday		in-mr	Double-Talk	Henry Hook	bg2003-01-12	!155	gxd	
bg2003-01-19	2003-01-19	sunday		in-mr	Hit Albums	Emily Cox and Henry Rathvon	bg2003-01-19	!155	gxd	
bg2003-01-26	2003-01-26	sunday		in-mr	Multiplication	Henry Hook	bg2003-01-26	!155	gxd	
bg2003-02-02	2003-02-02	sunday		in-mr	Jest Desserts	Emily Cox and Henry Rathvon	bg2003-02-02	!155	gxd	
bg2003-02-09	2003-02-09	sunday		in-mr	A Slight Weight Gain	Henry Hook	bg2003-02-09	!155	gxd	
bg2003-02-16	2003-02-16	sunday		in-mr	Vice Squad	Emily Cox and Henry Rathvon	bg2003-02-16	!155	gxd	
bg2003-02-23	2003-02-23	sunday		in-mr	Chicken Out	Henry Hook	bg2003-02-23	!155	gxd	
bg2003-03-02	2003-03-02	sunday		in-mr	Return of the Clones	Emily Cox and Henry Rathvon	bg2003-03-02	!155	gxd	
bg2003-03-09	2003-03-09	sunday		in-mr	March Madness	Henry Hook	bg2003-03-09	!155	gxd	
bg2003-03-16	2003-03-16	sunday		in-mr	Rite of Passage	Emily Cox and Henry Rathvon	bg2003-03-16	!155	gxd	
bg2003-03-23	2003-03-23	sunday		in-mr	Tell Me Y	Henry Hook	bg2003-03-23	!155	gxd	
bg2003-03-30	2003-03-30	sunday		in-mr	PG 13	Emily Cox and Henry Rathvon	bg2003-03-30	!155	gxd	
bg2003-04-06	2003-04-06	sunday		in-mr	Free-Time Fun?	Henry Hook	bg2003-04-06	!155	gxd	
bg2003-04-13	2003-04-13	sunday		in-mr	Double Duty	Emily Cox and Henry Rathvon	bg2003-04-13	!155	gxd	
bg2003-04-20	2003-04-20	sunday		in-mr	Easter Parade	Henry Hook	bg2003-04-20	!155	gxd	
bg2003-04-27	2003-04-27	sunday		in-mr	Cry Fowl	Emily Cox and Henry Rathvon	bg2003-04-27	!155	gxd	
bg2003-05-04	2003-05-04	sunday		in-mr	Various Shades of Gray	Henry Hook	bg2003-05-04	!155	gxd	
bg2003-05-11	2003-05-11	sunday		in-mr	Coffee Break	Emily Cox and Henry Rathvon	bg2003-05-11	!155	gxd	
bg2003-05-18	2003-05-18	sunday		in-mr	In For A Threat?	Henry Hook	bg2003-05-18	!155	gxd	
bg2003-05-25	2003-05-25	sunday		in-mr	Literary Language	Emily Cox and Henry Rathvon	bg2003-05-25	!155	gxd	
bg2003-06-01	2003-06-01	sunday		in-mr	Payback Time	Henry Hook	bg2003-06-01	!155	gxd	
bg2003-06-08	2003-06-08	sunday		in-mr	Film Clips	Emily Cox and Henry Rathvon	bg2003-06-08	!155	gxd	
bg2003-06-15	2003-06-15	sunday		in-mr	Prez Release	Henry Hook	bg2003-06-15	!155	gxd	
bg2003-06-22	2003-06-22	sunday		in-mr	Fruit Bowl	Emily Cox and Henry Rathvon	bg2003-06-22	!155	gxd	
bg2003-06-29	2003-06-29	sunday		in-mr	Time-Consuming	Henry Hook	bg2003-06-29	!155	gxd	
bg2003-07-06	2003-07-06	sunday		in-mr	Mental Exercise	Emily Cox and Henry Rathvon	bg2003-07-06	!155	gxd	
bg2003-07-13	2003-07-13	sunday		in-mr	High and Low	Henry Hook	bg2003-07-13	!155	gxd	
bg2003-07-20	2003-07-20	sunday		in-mr	Misreading the Signs	Emily Cox and Henry Rathvon	bg2003-07-20	!155	gxd	
bg2003-07-27	2003-07-27	sunday		in-mr	Dell-ightful	Henry Hook	bg2003-07-27	!155	gxd	
bg2003-08-03	2003-08-03	sunday		in-mr	Inner Piece	Emily Cox and Henry Rathvon	bg2003-08-03	!155	gxd	
bg2003-08-10	2003-08-10	sunday		in-mr	Animal Sounds (SEE NOTEPAD AFTER SOLVING)	Henry Hook	bg2003-08-10	!155	gxd	
bg2003-08-17	2003-08-17	sunday		in-mr	Front-End Loading	Emily Cox and Henry Rathvon	bg2003-08-17	!155	gxd	
bg2003-08-24	2003-08-24	sunday		in-mr	P.C. Humor	Henry Hook	bg2003-08-24	!155	gxd	
bg2003-08-31	2003-08-31	sunday		in-mr	School of Fish	Emily Cox and Henry Rathvon	bg2003-08-31	!155	gxd	
bg2003-09-07	2003-09-07	sunday		in-mr	Rhyme Time	Henry Hook	bg2003-09-07	!155	gxd	
bg2003-09-14	2003-09-14	sunday		in-mr	Commentary	Emily Cox and Henry Rathvon	bg2003-09-14	!155	gxd	
bg2003-09-21	2003-09-21	sunday		in-mr	Newsletters	Henry Hook	bg2003-09-21	!155	gxd	
bg2003-09-28	2003-09-28	sunday		in-mr	Snake Pit	Emily Cox and Henry Rathvon	bg2003-09-28	!155	gxd	
bg2003-10-05	2003-10-05	sunday		in-mr	Glib Ad-Lib	Henry Hook	bg2003-10-05	!155	gxd	
bg2003-10-12	2003-10-12	sunday		in-mr	U Oughta Be In Pictures	Emily Cox and Henry Rathvon	bg2003-10-12	!155	gxd	
bg2003-10-19	2003-10-19	sunday		in-mr	Rain, Rain, Go Away	Henry Hook	bg2003-10-19	!155	gxd	
bg2003-10-26	2003-10-26	sunday		in-mr	Easy For You To Say!	Emily Cox and Henry Rathvon	bg2003-10-26	!155	gxd	
bg2003-11-02	2003-11-02	sunday		in-mr	Some Assembly Required	Henry Hook	bg2003-11-02	!155	gxd	
bg2003-11-09	2003-11-09	sunday		in-mr	Echolalia	Emily Cox and Henry Rathvon	bg2003-11-09	!155	gxd	
bg2003-11-16	2003-11-16	sunday		in-mr	Deluge-IONAL	Henry Hook	bg2003-11-16	!155	gxd	
bg2003-11-23	2003-11-23	sunday		in-mr	Pizza Party	Emily Cox and Henry Rathvon	bg2003-11-23	!155	gxd	
bg2003-11-30	2003-11-30	sunday		in-mr	I Work Alone	Henry Hook	bg2003-11-30	!155	gxd	
bg2003-12-07	2003-12-07	sunday		in-mr	Pet Theory	Emily Cox and Henry Rathvon	bg2003-12-07	!155	gxd	
bg2003-12-14	2003-12-14	sunday		in-mr	Commercial Interruptions	Henry Hook	bg2003-12-14	!155	gxd	
bg2003-12-21	2003-12-21	sunday		in-mr	Santa's Helpers	Emily Cox and Henry Rathvon	bg2003-12-21	!155	gxd	
bg2003-12-28	2003-12-28	sunday		in-mr	Happy New Year!	Henry Hook	bg2003-12-28	!155	gxd	
bg2004-01-04	2004-01-04	sunday		in-mr	Barbershop Caper	Emily Cox and Henry Rathvon	bg2004-01-04	!155	gxd	
bg2004-01-11	2004-01-11	sunday		in-mr	And 11 Is Easy	Henry Hook	bg2004-01-11	!155	gxd	
bg2004-01-18	2004-01-18	sunday		in-mr	The Card of Avon	Emily Cox and Henry Rathvon	bg2004-01-18	!155	gxd	
bg2004-01-25	2004-01-25	sunday		in-mr	Paper Trail	Henry Hook	bg2004-01-25	!155	gxd	
bg2004-02-01	2004-02-01	sunday		in-mr	Short Stuff	Emily Cox and Henry Rathvon	bg2004-02-01	!155	gxd	
bg2004-02-08	2004-02-08	sunday		in-mr	Commonality	Henry Hook	bg2004-02-08	!155	gxd	
bg2004-02-15	2004-02-15	sunday		in-mr	Presidential Firsts	Emily Cox and Henry Rathvon	bg2004-02-15	!155	gxd	
bg2004-02-22	2004-02-22	sunday		in-mr	*Mikayla's Kin	Henry Hook	bg2004-02-22	!155	gxd	
bg2004-02-29	2004-02-29	sunday		in-mr	Triple Crown Horses	Emily Cox and Henry Rathvon	bg2004-02-29	!155	gxd	
bg2004-03-07	2004-03-07	sunday		in-mr	First of All	Henry Hook	bg2004-03-07	!155	gxd	
bg2004-03-14	2004-03-14	sunday		in-mr	Green Party	Emily Cox and Henry Rathvon	bg2004-03-14	!155	gxd	
bg2004-03-21	2004-03-21	sunday		in-mr	Swordplay	Henry Hook	bg2004-03-21	!155	gxd	
bg2004-03-28	2004-03-28	sunday		in-mr	A-List	Emily Cox and Henry Rathvon	bg2004-03-28	!155	gxd	
bg2004-04-04	2004-04-04	sunday		in-mr	You Do the Math	Henry Hook	bg2004-04-04	!155	gxd	
bg2004-04-11	2004-04-11	sunday		in-mr	Slice of life	Emily Cox and Henry Rathvon	bg2004-04-11	!155	gxd	
bg2004-04-18	2004-04-18	sunday		in-mr	Fame Game	Henry Hook	bg2004-04-18	!155	gxd	
bg2004-04-25	2004-04-25	sunday		in-mr	Zoo Detail	Emily Cox and Henry Rathvon	bg2004-04-25	!155	gxd	
bg2004-05-02	2004-05-02	sunday		in-mr	All-Inclusive	Henry Hook	bg2004-05-02	!155	gxd	
bg2004-05-09	2004-05-09	sunday		in-mr	Mama Said	Emily Cox and Henry Rathvon	bg2004-05-09	!155	gxd	
bg2004-05-16	2004-05-16	sunday		in-mr	Lost & Found	Henry Hook	bg2004-05-16	!155	gxd	
bg2004-05-23	2004-05-23	sunday		in-mr	Ben & Jerry's Rejects	Emily Cox and Henry Rathvon	bg2004-05-23	!155	gxd	
bg2004-05-30	2004-05-30	sunday		in-mr	K Sera Sera	Henry Hook	bg2004-05-30	!155	gxd	
bg2004-06-06	2004-06-06	sunday		in-mr	Bugs	Emily Cox and Henry Rathvon	bg2004-06-06	!155	gxd	
bg2004-06-13	2004-06-13	sunday		in-mr	Face Facts	Henry Hook	bg2004-06-13	!155	gxd	
bg2004-06-20	2004-06-20	sunday		in-mr	The Red Planet	Emily Cox and Henry Rathvon	bg2004-06-20	!155	gxd	
bg2004-06-27	2004-06-27	sunday		in-mr	Stepping Stones	Henry Hook	bg2004-06-27	!155	gxd	
bg2004-07-04	2004-07-04	sunday		in-mr	Red, White, and Blue	Emily Cox and Henry Rathvon	bg2004-07-04	!155	gxd	
bg2004-07-11	2004-07-11	sunday		in-mr	It's Greek to Me	Henry Hook	bg2004-07-11	!155	gxd	
bg2004-07-18	2004-07-18	sunday		in-mr	Position Finder	Emily Cox and Henry Rathvon	bg2004-07-18	!155	gxd	
bg2004-07-25	2004-07-25	sunday		in-mr	Donkey Serenade	Henry Hook	bg2004-07-25	!155	gxd	
bg2004-08-01	2004-08-01	sunday		in-mr	Gorilla Theater	Emily Cox and Henry Rathvon	bg2004-08-01	!155	gxd	
bg2004-08-08	2004-08-08	sunday		in-mr	To Er Is Human	Henry Hook	bg2004-08-08	!155	gxd	
bg2004-08-15	2004-08-15	sunday		in-mr	Rather Droll	Emily Cox and Henry Rathvon	bg2004-08-15	!155	gxd	
bg2004-08-22	2004-08-22	sunday		in-mr	Ears To You	Henry Hook	bg2004-08-22	!155	gxd	
bg2004-08-29	2004-08-29	sunday		in-mr	Study Hall	Emily Cox and Henry Rathvon	bg2004-08-29	!155	gxd	
bg2004-09-05	2004-09-05	sunday		in-mr	Data Bank	Henry Hook	bg2004-09-05	!155	gxd	
bg2004-09-12	2004-09-12	sunday		in-mr	Shoe Fetish	Emily Cox and Henry Rathvon	bg2004-09-12	!155	gxd	
bg2004-09-19	2004-09-19	sunday		in-mr	Popinjays	Henry Hook	bg2004-09-19	!155	gxd	
bg2004-09-26	2004-09-26	sunday		in-mr	Twisted Plot	Emily Cox and Henry Rathvon	bg2004-09-26	!155	gxd	
bg2004-10-03	2004-10-03	sunday		in-mr	Every Which Way	Henry Hook	bg2004-10-03	!155	gxd	
bg2004-10-10	2004-10-10	sunday		in-mr	Double Doubles	Emily Cox and Henry Rathvon	bg2004-10-10	!155	gxd	
bg2004-10-17	2004-10-17	sunday		in-mr	That's Not What I Ment	Henry Hook	bg2004-10-17	!155	gxd	
bg2004-10-24	2004-10-24	sunday		in-mr	Celebrity Baseball	Emily Cox and Henry Rathvon	bg2004-10-24	!155	gxd	
bg2004-10-31	2004-10-31	sunday		in-mr	Boo!	Henry Hook	bg2004-10-31	!155	gxd	
bg2004-11-07	2004-11-07	sunday		in-mr	Parking in the Rear	Emily Cox and Henry Rathvon	bg2004-11-07	!155	gxd	
bg2004-11-14	2004-11-14	sunday		in-mr	Sound Leadership	Henry Hook	bg2004-11-14	!155	gxd	
bg2004-11-21	2004-11-21	sunday		in-mr	Frontier Recipe	Emily Cox and Henry Rathvon	bg2004-11-21	!155	gxd	
bg2004-11-28	2004-11-28	sunday		in-mr	Bug Infestation	Henry Hook	bg2004-11-28	!155	gxd	
bg2004-12-05	2004-12-05	sunday		in-mr	No Vacancies	Emily Cox and Henry Rathvon	bg2004-12-05	!155	gxd	
bg2004-12-12	2004-12-12	sunday		in-mr	Caveat Emptor	Henry Hook	bg2004-12-12	!155	gxd	
bg2004-12-19a	2004-12-19	sunday-easier	easier	in-mr	Diamond Heaven	Emily Cox and Henry Rathvon	bg2004-12-19a	!155	gxd	double issue
bg2004-12-19	2004-12-19	sunday	harder	in-mr	It's The Thought	Emily Cox and Henry Rathvon	bg2004-12-19	!155	gxd	double issue
bg2004-12-26	2004-12-26	sunday		in-mr	Exchanging Presents	Henry Hook	bg2004-12-26	!155	gxd	
bg2005-01-02	2005-01-02	sunday		in-mr	A Mouse in the House	Emily Cox and Henry Rathvon	bg2005-01-02	!155	gxd	
bg2005-01-09	2005-01-09	sunday		in-mr	Car Talk	Henry Hook	bg2005-01-09	!155	gxd	
bg2005-01-16	2005-01-16	sunday		missing						
bg2005-01-23	2005-01-23	sunday		in-mr	Bear in Mind	Henry Hook	bg2005-01-23	!155	gxd	
bg2005-01-30	2005-01-30	sunday		in-mr	Zoo Break	Emily Cox and Henry Rathvon	bg2005-01-30	!155	gxd	
bg2005-02-06	2005-02-06	sunday		in-mr	That's Not Funny	Henry Hook	bg2005-02-06	!155	gxd	
bg2005-02-13	2005-02-13	sunday		in-mr	Floral Arrangement	Emily Cox and Henry Rathvon	bg2005-02-13	!155	gxd	
bg2005-02-20	2005-02-20	sunday		in-mr	Hurry Up!	Henry Hook	bg2005-02-20	!155	gxd	
bg2005-02-27	2005-02-27	sunday		in-mr	Dr. Frankenstein	Emily Cox and Henry Rathvon	bg2005-02-27	!155	gxd	
bg2005-03-06	2005-03-06	sunday		in-mr	Apiece of the Puzzle	Henry Hook	bg2005-03-06	!155	gxd	
bg2005-03-13	2005-03-13	sunday		in-mr	Crossers	Emily Cox and Henry Rathvon	bg2005-03-13	!155	gxd	
bg2005-03-20	2005-03-20	sunday		in-mr	A Series of Fibs?	Henry Hook	bg2005-03-20	!155	gxd	
bg2005-03-27	2005-03-27	sunday		in-mr	Leak Prevention	Emily Cox and Henry Rathvon	bg2005-03-27	!155	gxd	
bg2005-04-03	2005-04-03	sunday		in-mr	Buzz Words	Henry Hook	bg2005-04-03	!155	gxd	
bg2005-04-10	2005-04-10	sunday		in-mr	Levy Levity	Emily Cox and Henry Rathvon	bg2005-04-10	!155	gxd	
bg2005-04-17	2005-04-17	sunday		in-mr	Unreality TV	Henry Hook	bg2005-04-17	!155	gxd	
bg2005-04-24	2005-04-24	sunday		in-mr	Tool Time	Emily Cox and Henry Rathvon	bg2005-04-24	!155	gxd	
bg2005-05-01	2005-05-01	sunday		in-mr	No Doubt	Henry Hook	bg2005-05-01	!155	gxd	
bg2005-05-08	2005-05-08	sunday		in-mr	Animoms	Emily Cox and Henry Rathvon	bg2005-05-08	!155	gxd	
bg2005-05-15	2005-05-15	sunday		in-mr	Gold Rush	Henry Hook	bg2005-05-15	!155	gxd	
bg2005-05-22	2005-05-22	sunday		in-mr	Retrospection	Emily Cox and Henry Rathvon	bg2005-05-22	!155	gxd	
bg2005-05-29	2005-05-29	sunday		in-mr	Laureates	Henry Hook	bg2005-05-29	!155	gxd	
bg2005-06-05	2005-06-05	sunday		in-mr	Gone to the Dogs	Emily Cox and Henry Rathvon	bg2005-06-05	!155	gxd	
bg2005-06-12	2005-06-12	sunday		in-mr	X Marks the Spot	Henry Hook	bg2005-06-12	!155	gxd	
bg2005-06-19	2005-06-19	sunday		in-mr	Triplets	Emily Cox and Henry Rathvon	bg2005-06-19	!155	gxd	
bg2005-06-26	2005-06-26	sunday		in-mr	Place Names	Henry Hook	bg2005-06-26	!155	gxd	
bg2005-07-03	2005-07-03	sunday		in-mr	Fireworks	Emily Cox and Henry Rathvon	bg2005-07-03	!155	gxd	
bg2005-07-10	2005-07-10	sunday		in-mr	Who's That Girl	Henry Hook	bg2005-07-10	!155	gxd	
bg2005-07-17	2005-07-17	sunday		in-mr	Metallurgy	Emily Cox and Henry Rathvon	bg2005-07-17	!155	gxd	
bg2005-07-24	2005-07-24	sunday		in-mr	Smile!	Henry Hook	bg2005-07-24	!155	gxd	
bg2005-07-31	2005-07-31	sunday		in-mr	Self-Denial	Emily Cox and Henry Rathvon	bg2005-07-31	!155	gxd	
bg2005-08-07	2005-08-07	sunday		in-mr	Wry Sci-Fi	Henry Hook	bg2005-08-07	!155	gxd	
bg2005-08-14	2005-08-14	sunday		in-mr	Their Last Words	Emily Cox and Henry Rathvon	bg2005-08-14	!155	gxd	
bg2005-08-21	2005-08-21	sunday		in-mr	Purrception	Henry Hook	bg2005-08-21	!155	gxd	
bg2005-08-28	2005-08-28	sunday		in-mr	Prophetic Anagrams	Emily Cox and Henry Rathvon	bg2005-08-28	!155	gxd	
bg2005-09-04	2005-09-04	sunday		in-mr	SNL Folks	Henry Hook	bg2005-09-04	!155	gxd	
bg2005-09-11	2005-09-11	sunday		in-mr	Sounds of Silence	Emily Cox and Henry Rathvon	bg2005-09-11	!155	gxd	
bg2005-09-18	2005-09-18	sunday		in-mr	Over and Over	Henry Hook	bg2005-09-18	!155	gxd	
bg2005-09-25	2005-09-25	sunday		in-mr	Homophonicity	Emily Cox and Henry Rathvon	bg2005-09-25	!155	gxd	
bg2005-10-02	2005-10-02	sunday		in-mr	4Gone Conclusions	Henry Hook	bg2005-10-02	!155	gxd	
bg2005-10-09	2005-10-09	sunday		in-mr	Creatures' Features	Emily Cox and Henry Rathvon	bg2005-10-09	!155	gxd	
bg2005-10-16	2005-10-16	sunday		in-mr	Take the Plunge	Henry Hook	bg2005-10-16	!155	gxd	
bg2005-10-23	2005-10-23	sunday		in-mr	Daffy Definition	Emily Cox and Henry Rathvon	bg2005-10-23	!155	gxd	
bg2005-10-30	2005-10-30	sunday		in-mr	Curves Ahead	Henry Hook	bg2005-10-30	!155	gxd	
bg2005-11-06	2005-11-06	sunday		in-mr	Playing Charades	Emily Cox and Henry Rathvon	bg2005-11-06	!155	gxd	
bg2005-11-13	2005-11-13	sunday		in-mr	Flopped Fives	Henry Hook	bg2005-11-13	!155	gxd	
bg2005-11-20	2005-11-20	sunday		in-mr	Puzzling Poultry	Emily Cox and Henry Rathvon	bg2005-11-20	!155	gxd	
bg2005-11-27	2005-11-27	sunday		in-mr	Repeat Performance	Henry Hook	bg2005-11-27	!155	gxd	
bg2005-12-04	2005-12-04	sunday		in-mr	666 People	Emily Cox and Henry Rathvon	bg2005-12-04	!155	gxd	
bg2005-12-11	2005-12-11	sunday		in-mr	ID EST	Henry Hook	bg2005-12-11	!155	gxd	
bg2005-12-18	2005-12-18	sunday		in-mr	Cynic's Proverbs	Emily Cox and Henry Rathvon	bg2005-12-18	!155	gxd	
bg2005-12-25	2005-12-25	sunday		in-mr	Yule Be Sorry	Henry Hook	bg2005-12-25	!155	gxd	
bg2006-01-01	2006-01-01	sunday		in-mr	New Start	Emily Cox and Henry Rathvon	bg2006-01-01	!155	gxd	
bg2006-01-08	2006-01-08	sunday		in-mr	BP Test	Henry Hook	bg2006-01-08	!155	gxd	
bg2006-01-15	2006-01-15	sunday		in-mr	Leading Lights	Emily Cox and Henry Rathvon	bg2006-01-15	!155	gxd	
bg2006-01-22	2006-01-22	sunday		in-mr	The Vegas Notion	Henry Hook	bg2006-01-22	!155	gxd	
bg2006-01-29	2006-01-29	sunday		in-mr	Four In A Row	Emily Cox and Henry Rathvon	bg2006-01-29	!155	gxd	
bg2006-02-05	2006-02-05	sunday		in-mr	Show Me the Money	Henry Hook	bg2006-02-05	!155	gxd	
bg2006-02-12	2006-02-12	sunday		in-mr	Love Affair	Emily Cox and Henry Rathvon	bg2006-02-12	!155	gxd	
bg2006-02-19	2006-02-19	sunday		in-mr	Gridiron Grid	Henry Hook	bg2006-02-19	!155	gxd	
bg2006-02-26	2006-02-26	sunday		in-mr	OH OH	Emily Cox and Henry Rathvon	bg2006-02-26	!155	gxd	
bg2006-03-05	2006-03-05	sunday		in-mr	Ralphabet Soup	Henry Hook	bg2006-03-05	!155	gxd	
bg2006-03-12	2006-03-12	sunday		in-mr	Two-Part Harmonies	Emily Cox and Henry Rathvon	bg2006-03-12	!155	gxd	
bg2006-03-19	2006-03-19	sunday		in-mr	Tee Off	Henry Hook	bg2006-03-19	!155	gxd	
bg2006-03-26	2006-03-26	sunday		in-mr	Body Language	Emily Cox and Henry Rathvon	bg2006-03-26	!155	gxd	
bg2006-04-02	2006-04-02	sunday		in-mr	The In Crowd	Henry Hook	bg2006-04-02	!155	gxd	
bg2006-04-09	2006-04-09	sunday		in-mr	Double Plays	Emily Cox and Henry Rathvon	bg2006-04-09	!155	gxd	
bg2006-04-16	2006-04-16	sunday		in-mr	After Taxes	Henry Hook	bg2006-04-16	!155	gxd	
bg2006-04-23	2006-04-23	sunday		in-mr	Swing Time	Emily Cox and Henry Rathvon	bg2006-04-23	!155	gxd	
bg2006-04-30	2006-04-30	sunday		in-mr	Elementary	Henry Hook	bg2006-04-30	!155	gxd	
bg2006-05-07	2006-05-07	sunday		in-mr	Silent Treatment	Emily Cox and Henry Rathvon	bg2006-05-07	!155	gxd	
bg2006-05-14	2006-05-14	sunday		in-mr	For You	Henry Hook	bg2006-05-14	!155	gxd	
bg2006-05-21	2006-05-21	sunday		in-mr	Beach Party	Emily Cox and Henry Rathvon	bg2006-05-21	!155	gxd	
bg2006-05-28	2006-05-28	sunday		in-mr	Flower Children?	Henry Hook	bg2006-05-28	!155	gxd	
bg2006-06-04	2006-06-04	sunday		in-mr	Hidden Meanings	Emily Cox and Henry Rathvon	bg2006-06-04	!155	gxd	
bg2006-06-11	2006-06-11	sunday		in-mr	Movie Series	Henry Hook	bg2006-06-11	!155	gxd	
bg2006-06-18	2006-06-18	sunday		in-mr	Spelling Test	Emily Cox and Henry Rathvon	bg2006-06-18	!155	gxd	
bg2006-06-25	2006-06-25	sunday		in-mr	Bank On It	Henry Hook	bg2006-06-25	!155	gxd	
bg2006-07-02	2006-07-02	sunday		in-mr	Land of the Free	Emily Cox and Henry Rathvon	bg2006-07-02	!155	gxd	
bg2006-07-09	2006-07-09	sunday		in-mr	Your Attention Please	Henry Hook	bg2006-07-09	!155	gxd	
bg2006-07-16	2006-07-16	sunday		in-mr	Puzzle Movies	Emily Cox and Henry Rathvon	bg2006-07-16	!155	gxd	
bg2006-07-23	2006-07-23	sunday		in-mr	Cha-Cha-Cha	Henry Hook	bg2006-07-23	!155	gxd	
bg2006-07-30	2006-07-30	sunday		in-mr	New Order	Emily Cox and Henry Rathvon	bg2006-07-30	!155	gxd	
bg2006-08-06	2006-08-06	sunday		in-mr	Rainstorm	Henry Hook	bg2006-08-06	!155	gxd	
bg2006-08-13	2006-08-13	sunday		in-mr	Cracked Cases	Emily Cox and Henry Rathvon	bg2006-08-13	!155	gxd	
bg2006-08-20	2006-08-20	sunday		in-mr	Air Play	Henry Hook	bg2006-08-20	!155	gxd	
bg2006-08-27	2006-08-27	sunday		in-mr	Crystal Clear	Emily Cox and Henry Rathvon	bg2006-08-27	!155	gxd	
bg2006-09-03	2006-09-03	sunday		in-mr	Numbers Racket	Henry Hook	bg2006-09-03	!155	gxd	
bg2006-09-10	2006-09-10	sunday		in-mr	Beast Places to Live	Emily Cox and Henry Rathvon	bg2006-09-10	!155	gxd	
bg2006-09-17	2006-09-17	sunday		in-mr	Changing Sides?	Henry Hook	bg2006-09-17	!155	gxd	
bg2006-09-24	2006-09-24	sunday		in-mr	Getting It Backward	Emily Cox and Henry Rathvon	bg2006-09-24	!155	gxd	
bg2006-10-01	2006-10-01	sunday		in-mr	Booty Call	Henry Hook	bg2006-10-01	!155	gxd	
bg2006-10-08	2006-10-08	sunday		in-mr	Kerr-Flooey	Emily Cox and Henry Rathvon	bg2006-10-08	!155	gxd	
bg2006-10-15	2006-10-15	sunday		in-mr	Gaining a Profit	Henry Hook	bg2006-10-15	!155	gxd	
bg2006-10-22	2006-10-22	sunday		in-mr	W's Inaugural	Emily Cox and Henry Rathvon	bg2006-10-22	!155	gxd	
bg2006-10-29	2006-10-29	sunday		in-mr	Eponyms?	Henry Hook	bg2006-10-29	!155	gxd	
bg2006-11-05	2006-11-05	sunday		in-mr	Not to Mention...	Emily Cox and Henry Rathvon	bg2006-11-05	!155	gxd	
bg2006-11-12	2006-11-12	sunday		in-mr	Election Results	Henry Hook	bg2006-11-12	!155	gxd	
bg2006-11-19	2006-11-19	sunday		in-mr	Sounding Board	Emily Cox and Henry Rathvon	bg2006-11-19	!155	gxd	
bg2006-11-26	2006-11-26	sunday		in-mr	Something's Up	Henry Hook	bg2006-11-26	!155	gxd	
bg2006-12-03	2006-12-03	sunday		in-mr	Egomania	Emily Cox and Henry Rathvon	bg2006-12-03	!155	gxd	
bg2006-12-10	2006-12-10	sunday		in-mr	When I Grow Up	Henry Hook	bg2006-12-10	!155	gxd	
bg2006-12-17	2006-12-17	sunday		in-mr	Mixed Doubles	Emily Cox and Henry Rathvon	bg2006-12-17	!155	gxd	
bg2006-12-24	2006-12-24	sunday		in-mr	Four-Part Harmony	Henry Hook	bg2006-12-24	!155	gxd	
bg2006-12-31	2006-12-31	sunday		in-mr	What's New?	Emily Cox and Henry Rathvon	bg2006-12-31	!155	gxd	
bg2007-01-07	2007-01-07	sunday		in-mr	Who R U?	Henry Hook	bg2007-01-07	!155	gxd	
bg2007-01-14	2007-01-14	sunday		in-mr	Dream Team	Emily Cox and Henry Rathvon	bg2007-01-14	!155	gxd	
bg2007-01-21	2007-01-21	sunday		in-mr	Granted	Henry Hook	bg2007-01-21	!155	gxd	
bg2007-01-28	2007-01-28	sunday		in-mr	Playing House	Emily Cox and Henry Rathvon	bg2007-01-28	!155	gxd	
bg2007-02-04	2007-02-04	sunday		in-mr	A Cross To Bear	Henry Hook	bg2007-02-04	!155	gxd	
bg2007-02-11	2007-02-11	sunday		in-mr	Candyland	Emily Cox and Henry Rathvon	bg2007-02-11	!155	gxd	
bg2007-02-18	2007-02-18	sunday		in-mr	On a First-Name Basis	Henry Hook	bg2007-02-18	!155	gxd	
bg2007-02-25	2007-02-25	sunday		in-mr	Perseverance	Emily Cox and Henry Rathvon	bg2007-02-25	!155	gxd	
bg2007-03-04	2007-03-04	sunday		in-mr	It Could Be Verse	Henry Hook	bg2007-03-04	!155	gxd	
bg2007-03-11	2007-03-11	sunday		in-mr	Lost Time	Emily Cox and Henry Rathvon	bg2007-03-11	!155	gxd	
bg2007-03-18	2007-03-18	sunday		in-mr	Get On Board	Henry Hook	bg2007-03-18	!155	gxd	
bg2007-03-25	2007-03-25	sunday		in-mr	Marching in Columns	Emily Cox and Henry Rathvon	bg2007-03-25	!155	gxd	
bg2007-04-01	2007-04-01	sunday		in-mr	April Fuel	Henry Hook	bg2007-04-01	!155	gxd	
bg2007-04-08	2007-04-08	sunday		in-mr	Shell Game	Emily Cox and Henry Rathvon	bg2007-04-08	!155	gxd	
bg2007-04-15	2007-04-15	sunday		in-mr	Quiet, Please	Henry Hook	bg2007-04-15	!155	gxd	
bg2007-04-22	2007-04-22	sunday		in-mr	Who Let the Dogs Out?	Emily Cox and Henry Rathvon	bg2007-04-22	!155	gxd	
bg2007-04-29	2007-04-29	sunday		in-mr	Spare Parts	Henry Hook	bg2007-04-29	!155	gxd	
bg2007-05-06	2007-05-06	sunday		in-mr	Shrink Rap	Emily Cox and Henry Rathvon	bg2007-05-06	!155	gxd	
bg2007-05-13	2007-05-13	sunday		in-mr	In The Material World	Henry Hook	bg2007-05-13	!155	gxd	
bg2007-05-20	2007-05-20	sunday		in-mr	Game Time	Emily Cox and Henry Rathvon	bg2007-05-20	!155	gxd	
bg2007-05-27	2007-05-27	sunday		in-mr	Two Themes in One	Henry Hook	bg2007-05-27	!155	gxd	
bg2007-06-03	2007-06-03	sunday		in-mr	New Acronyms	Emily Cox and Henry Rathvon	bg2007-06-03	!155	gxd	
bg2007-06-10	2007-06-10	sunday		in-mr	Solving For X	Henry Hook	bg2007-06-10	!155	gxd	
bg2007-06-17	2007-06-17	sunday		in-mr	Pop Psychology	Emily Cox and Henry Rathvon	bg2007-06-17	!155	gxd	
bg2007-06-24	2007-06-24	sunday		in-mr	Not a Bit	Henry Hook	bg2007-06-24	!155	gxd	
bg2007-07-01	2007-07-01	sunday		in-mr	Flare Affair	Emily Cox and Henry Rathvon	bg2007-07-01	!155	gxd	
bg2007-07-08	2007-07-08	sunday		in-mr	Take the Train	Henry Hook	bg2007-07-08	!155	gxd	
bg2007-07-15	2007-07-15	sunday		in-mr	Flower-Filled Phrases	Emily Cox and Henry Rathvon	bg2007-07-15	!155	gxd	
bg2007-07-22	2007-07-22	sunday		in-mr	Takeout Menu	Henry Hook	bg2007-07-22	!155	gxd	
bg2007-07-29	2007-07-29	sunday		in-mr	New Word Order	Emily Cox and Henry Rathvon	bg2007-07-29	!155	gxd	
bg2007-08-05	2007-08-05	sunday		in-mr	It's D-Lightful	Henry Hook	bg2007-08-05	!155	gxd	
bg2007-08-12	2007-08-12	sunday		in-mr	Quartets	Emily Cox and Henry Rathvon	bg2007-08-12	!155	gxd	
bg2007-08-19	2007-08-19	sunday		in-mr	Mouthing Off	Henry Hook	bg2007-08-19	!155	gxd	
bg2007-08-26	2007-08-26	sunday		in-mr	Getting Dissed	Emily Cox and Henry Rathvon	bg2007-08-26	!155	gxd	
bg2007-09-02	2007-09-02	sunday		in-mr	Let Me S-Q Something	Henry Hook	bg2007-09-02	!155	gxd	
bg2007-09-09	2007-09-09	sunday		missing						
bg2007-09-16	2007-09-16	sunday		in-mr	Nothing To It	Henry Hook	bg2007-09-16	!155	gxd	
bg2007-09-23	2007-09-23	sunday		in-mr	Popping the Question	Emily Cox and Henry Rathvon	bg2007-09-23	!155	gxd	
bg2007-09-30	2007-09-30	sunday		in-mr	A, My Name is Amy	Henry Hook	bg2007-09-30	!155	gxd	
bg2007-10-07	2007-10-07	sunday		in-mr	At the Recital	Emily Cox and Henry Rathvon	bg2007-10-07	!155	gxd	
bg2007-10-14	2007-10-14	sunday		in-mr	Grand Openings	Henry Hook	bg2007-10-14	!155	gxd	
bg2007-10-21	2007-10-21	sunday		in-mr	National Anthems	Emily Cox and Henry Rathvon	bg2007-10-21	!155	gxd	
bg2007-10-28	2007-10-28	sunday		in-mr	Do the Math	Henry Hook	bg2007-10-28	!155	gxd	
bg2007-11-04	2007-11-04	sunday		in-mr	Snake Charmer	Emily Cox and Henry Rathvon	bg2007-11-04	!155	gxd	
bg2007-11-11	2007-11-11	sunday		in-mr	Family Affair	Henry Hook	bg2007-11-11	!155	gxd	
bg2007-11-18	2007-11-18	sunday		missing						
bg2007-11-25	2007-11-25	sunday		in-mr	Cross Words	Henry Hook	bg2007-11-25	!155	gxd	
bg2007-12-02	2007-12-02	sunday		in-mr	Looking Both Ways	Emily Cox and Henry Rathvon	bg2007-12-02	!155	gxd	
bg2007-12-09	2007-12-09	sunday		in-mr	Link Letters	Henry Hook	bg2007-12-09	!155	gxd	
bg2007-12-16	2007-12-16	sunday		missing						
bg2007-12-23	2007-12-23	sunday		in-mr	Happy Holidays	Henry Hook	bg2007-12-23	!155	gxd	
bg2007-12-30	2007-12-30	sunday		in-mr	No End In Sight	Emily Cox and Henry Rathvon	bg2007-12-30	!155	gxd	
bg2008-01-06	2008-01-06	sunday		in-mr	Contain Yourself	Henry Hook	bg2008-01-06	!155	gxd	
bg2008-01-13	2008-01-13	sunday		in-mr	Jailbreak	Emily Cox and Henry Rathvon	bg2008-01-13	!155	gxd	
bg2008-01-20	2008-01-20	sunday		in-mr	P-R-E-F-I-X-E-S	Henry Hook	bg2008-01-20	!155	gxd	
bg2008-01-27	2008-01-27	sunday		in-mr	What's My Line?	Emily Cox and Henry Rathvon	bg2008-01-27	!155	gxd	
bg2008-02-03	2008-02-03	sunday		in-mr	Car Wrecks	Henry Hook	bg2008-02-03	!155	gxd	
bg2008-02-10	2008-02-10	sunday		in-mr	Mother's Helpers	Emily Cox and Henry Rathvon	bg2008-02-10	!155	gxd	
bg2008-02-17	2008-02-17	sunday		in-mr	End With a Preposition	Henry Hook	bg2008-02-17	!155	gxd	
bg2008-02-24	2008-02-24	sunday		in-mr	Surprise Endings	Emily Cox and Henry Rathvon	bg2008-02-24	!155	gxd	
bg2008-03-02	2008-03-02	sunday		in-mr	What's On?	Henry Hook	bg2008-03-02	!155	gxd	
bg2008-03-09	2008-03-09	sunday		in-mr	A Matter of Time	Emily Cox and Henry Rathvon	bg2008-03-09	!155	gxd	
bg2008-03-16	2008-03-16	sunday		in-mr	Rodent Track	Henry Hook	bg2008-03-16	!155	gxd	
bg2008-03-23	2008-03-23	sunday		in-mr	Collectibles	Emily Cox and Henry Rathvon	bg2008-03-23	!155	gxd	
bg2008-03-30	2008-03-30	sunday		in-mr	Gridlock	Henry Hook	bg2008-03-30	!155	gxd	
bg2008-04-06	2008-04-06	sunday		in-mr	Laundry List	Emily Cox and Henry Rathvon	bg2008-04-06	!155	gxd	
bg2008-04-13	2008-04-13	sunday		in-mr	Telltale Clues	Henry Hook	bg2008-04-13	!155	gxd	
bg2008-04-20	2008-04-20	sunday		in-mr	Long Division	Emily Cox and Henry Rathvon	bg2008-04-20	!155	gxd	
bg2008-04-27	2008-04-27	sunday		in-mr	Identity Theft	Henry Hook	bg2008-04-27	!155	gxd	
bg2008-05-04	2008-05-04	sunday		in-mr	Logic Problem	Emily Cox and Henry Rathvon	bg2008-05-04	!155	gxd	
bg2008-05-11	2008-05-11	sunday		in-mr	Lineup	Henry Hook	bg2008-05-11	!155	gxd	
bg2008-05-18	2008-05-18	sunday		in-mr	Rock Climbing	Emily Cox and Henry Rathvon	bg2008-05-18	!155	gxd	
bg2008-05-25	2008-05-25	sunday		in-mr	A Case of the DTs	Henry Hook	bg2008-05-25	!155	gxd	
bg2008-06-01	2008-06-01	sunday		in-mr	Magazine Mergers	Emily Cox and Henry Rathvon	bg2008-06-01	!155	gxd	
bg2008-06-08	2008-06-08	sunday		in-mr	Over and Under	Henry Hook	bg2008-06-08	!155	gxd	
bg2008-06-15	2008-06-15	sunday		in-mr	Dad's Day	Emily Cox and Henry Rathvon	bg2008-06-15	!155	gxd	
bg2008-06-22	2008-06-22	sunday		in-mr	Solving for Y	Henry Hook	bg2008-06-22	!155	gxd	
bg2008-06-29	2008-06-29	sunday		in-mr	Theme Songs	Emily Cox and Henry Rathvon	bg2008-06-29	!155	gxd	
bg2008-07-06	2008-07-06	sunday		in-mr	He Oughta Know	Henry Hook	bg2008-07-06	!155	gxd	
bg2008-07-13	2008-07-13	sunday		in-mr	Obedience School	Emily Cox and Henry Rathvon	bg2008-07-13	!155	gxd	
bg2008-07-20	2008-07-20	sunday		in-mr	Tie-ins	Henry Hook	bg2008-07-20	!155	gxd	
bg2008-07-27	2008-07-27	sunday		in-mr	Oxymoronic	Emily Cox and Henry Rathvon	bg2008-07-27	!155	gxd	
bg2008-08-03	2008-08-03	sunday		in-mr	Struck for An Answer	Henry Hook	bg2008-08-03	!155	gxd	
bg2008-08-10	2008-08-10	sunday		in-mr	They're Playing Our Song	Elizabeth C. Gorski	bg2008-08-10	!155	gxd	
bg2008-08-17	2008-08-17	sunday		in-mr	Tuff Stuff	Henry Hook	bg2008-08-17	!155	gxd	
bg2008-08-24	2008-08-24	sunday		in-mr	I'll Pencil U In	Elizabeth C. Gorski	bg2008-08-24	!155	gxd	
bg2008-08-31	2008-08-31	sunday		in-mr	Popinjays	Henry Hook	bg2008-08-31	!155	gxd	
bg2008-09-07	2008-09-07	sunday		in-mr	Shifty Characters	Elizabeth C. Gorski	bg2008-09-07	!155	gxd	
bg2008-09-14	2008-09-14	sunday		in-mr	To the Letter	Henry Hook	bg2008-09-14	!155	gxd	
bg2008-09-21	2008-09-21	sunday		in-mr	Extra Credit	Elizabeth C. Gorski	bg2008-09-21	!155	gxd	
bg2008-09-28	2008-09-28	sunday		in-mr	Green and Bear It	Henry Hook	bg2008-09-28	!155	gxd	
bg2008-10-05	2008-10-05	sunday		in-mr	Silly Syllabus	Elizabeth C. Gorski	bg2008-10-05	!155	gxd	
bg2008-10-12	2008-10-12	sunday		in-mr	Ship Ahoy!	Henry Hook	bg2008-10-12	!155	gxd	
bg2008-10-19	2008-10-19	sunday		in-mr	Mane Attraction	Elizabeth C. Gorski	bg2008-10-19	!155	gxd	
bg2008-10-26	2008-10-26	sunday		in-mr	Celebrimorphs	Henry Hook	bg2008-10-26	!155	gxd	
bg2008-11-02	2008-11-02	sunday		missing						
bg2008-11-09	2008-11-09	sunday		in-mr	H Of Enlightenment	Henry Hook	bg2008-11-09	!155	gxd	
bg2008-11-16	2008-11-16	sunday		in-mr	Color Commentary	Elizabeth C. Gorski	bg2008-11-16	!155	gxd	
bg2008-11-23	2008-11-23	sunday		in-mr	Iron-Ons	Henry Hook	bg2008-11-23	!155	gxd	
bg2008-11-30	2008-11-30	sunday		in-mr	Full Partners	Emily Cox and Henry Rathvon	bg2008-11-30	!155	gxd	
bg2008-12-07	2008-12-07	sunday		in-mr	Treevia	Henry Hook	bg2008-12-07	!155	gxd	
bg2008-12-14	2008-12-14	sunday		in-mr	Nick Knack	Emily Cox and Henry Rathvon	bg2008-12-14	!155	gxd	
bg2008-12-21	2008-12-21	sunday		in-mr	Yes It Izz	Henry Hook	bg2008-12-21	!155	gxd	
bg2008-12-28	2008-12-28	sunday		in-mr	Ready for '09?	Emily Cox and Henry Rathvon	bg2008-12-28	!155	gxd	
bg2009-01-04	2009-01-04	sunday		in-mr	Hot Stuff	Henry Hook	bg2009-01-04	!155	gxd	
bg2009-01-11	2009-01-11	sunday		in-mr	Search Party	Emily Cox and Henry Rathvon	bg2009-01-11	!155	gxd	
bg2009-01-18	2009-01-18	sunday		in-mr	Body Of Work	Henry Hook	bg2009-01-18	!155	gxd	
bg2009-01-25	2009-01-25	sunday		in-mr	Blizzard	Emily Cox and Henry Rathvon	bg2009-01-25	!155	gxd	
bg2009-02-01	2009-02-01	sunday		in-mr	Versatile Viands	Henry Hook	bg2009-02-01	!155	gxd	
bg2009-02-08	2009-02-08	sunday		in-mr	Team Play	Emily Cox and Henry Rathvon	bg2009-02-08	!155	gxd	
bg2009-02-15	2009-02-15	sunday		in-mr	Inside Information	Henry Hook	bg2009-02-15	!155	gxd	
bg2009-02-22	2009-02-22	sunday		in-mr	Presidential Pet	Emily Cox and Henry Rathvon	bg2009-02-22	!155	gxd	
bg2009-03-01	2009-03-01	sunday		in-mr	In The Cards	Henry Hook	bg2009-03-01	!155	gxd	
bg2009-03-08	2009-03-08	sunday		in-mr	Beatles Medleys	Emily Cox and Henry Rathvon	bg2009-03-08	!155	gxd	
bg2009-03-15	2009-03-15	sunday		in-mr	Triple Sixes	Henry Hook	bg2009-03-15	!155	gxd	
bg2009-03-22	2009-03-22	sunday		in-mr	Overlappers	Emily Cox and Henry Rathvon	bg2009-03-22	!155	gxd	
bg2009-03-29	2009-03-29	sunday		in-mr	Done to the Nines	Henry Hook	bg2009-03-29	!155	gxd	
bg2009-04-05	2009-04-05	sunday		in-mr	State Pairs	Emily Cox and Henry Rathvon	bg2009-04-05	!155	gxd	
bg2009-04-12	2009-04-12	sunday		in-mr	BIG BUCKS	Henry Hook	bg2009-04-12	!155	gxd	
bg2009-04-19	2009-04-19	sunday		in-mr	Rhyming Game	Emily Cox and Henry Rathvon	bg2009-04-19	!155	gxd	
bg2009-04-26	2009-04-26	sunday		in-mr	Essay Questions	Henry Hook	bg2009-04-26	!155	gxd	
bg2009-05-03	2009-05-03	sunday		in-mr	Trainspotting	Emily Cox and Henry Rathvon	bg2009-05-03	!155	gxd	
bg2009-05-10	2009-05-10	sunday		in-mr	Don't Try To Stop Me	Henry Hook	bg2009-05-10	!155	gxd	
bg2009-05-17	2009-05-17	sunday		in-mr	Tacked-On Endings	Emily Cox and Henry Rathvon	bg2009-05-17	!155	gxd	
bg2009-05-24	2009-05-24	sunday		in-mr	Double Ring Ceremony	Henry Hook	bg2009-05-24	!155	gxd	
bg2009-05-31	2009-05-31	sunday		in-mr	Writer's Block	Emily Cox and Henry Rathvon	bg2009-05-31	!155	gxd	
bg2009-06-07	2009-06-07	sunday		in-mr	Take My Word For It	Henry Hook	bg2009-06-07	!155	gxd	
bg2009-06-14	2009-06-14	sunday		in-mr	Gimme Five	Emily Cox and Henry Rathvon	bg2009-06-14	!155	gxd	
bg2009-06-21	2009-06-21	sunday		in-mr	Grad Tidings	Henry Hook	bg2009-06-21	!155	gxd	
bg2009-06-28	2009-06-28	sunday		in-mr	Double Portions	Emily Cox and Henry Rathvon	bg2009-06-28	!155	gxd	
bg2009-07-05	2009-07-05	sunday		in-mr	Drop Me a Note	Henry Hook	bg2009-07-05	!155	gxd	
bg2009-07-12	2009-07-12	sunday		in-mr	All Wet	Emily Cox and Henry Rathvon	bg2009-07-12	!155	gxd	
bg2009-07-19	2009-07-19	sunday		in-mr	College Knowledge	Henry Hook	bg2009-07-19	!155	gxd	
bg2009-07-26	2009-07-26	sunday		in-mr	Woodstock	Emily Cox and Henry Rathvon	bg2009-07-26	!155	gxd	
bg2009-08-02	2009-08-02	sunday		in-mr	Solvin' Time	Henry Hook	bg2009-08-02	!155	gxd	
bg2009-08-09	2009-08-09	sunday		in-mr	Doubleheaders	Emily Cox and Henry Rathvon	bg2009-08-09	!155	gxd	
bg2009-08-16	2009-08-16	sunday		in-mr	The Ing Crowd	Henry Hook	bg2009-08-16	!155	gxd	
bg2009-08-23	2009-08-23	sunday		in-mr	Great Rivals	Emily Cox and Henry Rathvon	bg2009-08-23	!155	gxd	
bg2009-08-30	2009-08-30	sunday		in-mr	Color Scheme	Henry Hook	bg2009-08-30	!155	gxd	
bg2009-09-06	2009-09-06	sunday		in-mr	This and That Thing	Emily Cox and Henry Rathvon	bg2009-09-06	!155	gxd	
bg2009-09-13	2009-09-13	sunday		in-mr	Travel On	Henry Hook	bg2009-09-13	!155	gxd	
bg2009-09-20	2009-09-20	sunday		in-mr	Interior Hues	Emily Cox and Henry Rathvon	bg2009-09-20	!155	gxd	
bg2009-09-27	2009-09-27	sunday		in-mr	Decimation	Henry Hook	bg2009-09-27	!155	gxd	
bg2009-10-04	2009-10-04	sunday		in-mr	Animal Quackery	Emily Cox and Henry Rathvon	bg2009-10-04	!155	gxd	
bg2009-10-11	2009-10-11	sunday		in-mr	Address Book	Henry Hook	bg2009-10-11	!155	gxd	
bg2009-10-18	2009-10-18	sunday		in-mr	U AND U ALONE	Emily Cox and Henry Rathvon	bg2009-10-18	!155	gxd	
bg2009-10-25	2009-10-25	sunday		in-mr	Chow Line	Henry Hook	bg2009-10-25	!155	gxd	
bg2009-11-01	2009-11-01	sunday		in-mr	Digital Display	Emily Cox and Henry Rathvon	bg2009-11-01	!155	gxd	
bg2009-11-08	2009-11-08	sunday		in-mr	A Bit of a Brogue?	Henry Hook	bg2009-11-08	!155	gxd	
bg2009-11-15	2009-11-15	sunday		in-mr	What It Is	Emily Cox and Henry Rathvon	bg2009-11-15	!155	gxd	
bg2009-11-22	2009-11-22	sunday		in-mr	DL OR NO DL	Henry Hook	bg2009-11-22	!155	gxd	
bg2009-11-29	2009-11-29	sunday		in-mr	Crossings	Emily Cox and Henry Rathvon	bg2009-11-29	!155	gxd	
bg2009-12-06	2009-12-06	sunday		in-mr	Read All About It!	Henry Hook	bg2009-12-06	!155	gxd	
bg2009-12-13	2009-12-13	sunday		in-mr	Matchups	Emily Cox and Henry Rathvon	bg2009-12-13	!155	gxd	
bg2009-12-20	2009-12-20	sunday		in-mr	SECRET SANTA	Henry Hook	bg2009-12-20	!155	gxd	
bg2009-12-27	2009-12-27	sunday		in-mr	IN BLACK AND WHITE	Emily Cox and Henry Rathvon	bg2009-12-27	!155	gxd	
bg2010-01-03	2010-01-03	sunday		in-mr	CONTRARIANS	Henry Hook	bg2010-01-03	!155	gxd	
bg2010-01-10	2010-01-10	sunday		in-mr	FREEZE FRAMES	Emily Cox and Henry Rathvon	bg2010-01-10	!155	gxd	
bg2010-01-17	2010-01-17	sunday		in-mr	IDDLE DO	Henry Hook	bg2010-01-17	!155	gxd	
bg2010-01-24	2010-01-24	sunday		in-mr	On the QT	Emily Cox and Henry Rathvon	bg2010-01-24	!155	gxd	
bg2010-01-31	2010-01-31	sunday		in-mr	JANE REACTION	Henry Hook	bg2010-01-31	!155	gxd	
bg2010-02-07	2010-02-07	sunday		in-mr	HOLLYWOOD SQUARES	Emily Cox and Henry Rathvon	bg2010-02-07	!155	gxd	
bg2010-02-14	2010-02-14	sunday		in-mr	...AND RED ALL OVER	Henry Hook	bg2010-02-14	!155	gxd	
bg2010-02-21	2010-02-21	sunday		in-mr	TUNEFUL TRIPLETS	Emily Cox and Henry Rathvon	bg2010-02-21	!155	gxd	
bg2010-02-28	2010-02-28	sunday		in-mr	EXTRA PIECES	Henry Hook	bg2010-02-28	!155	gxd	
bg2010-03-07	2010-03-07	sunday		in-mr	CHANGE IN THE WEATHER	Emily Cox and Henry Rathvon	bg2010-03-07	!155	gxd	
bg2010-03-14	2010-03-14	sunday		in-mr	ADD A LETTER	Henry Hook	bg2010-03-14	!155	gxd	
bg2010-03-21	2010-03-21	sunday		in-mr	PUZZLE PEOPLE	Emily Cox and Henry Rathvon	bg2010-03-21	!155	gxd	
bg2010-03-28	2010-03-28	sunday		in-mr	NICE WORK	Henry Hook	bg2010-03-28	!155	gxd	
bg2010-04-04	2010-04-04	sunday		in-mr	BY THE NUMBERS	Emily Cox and Henry Rathvon	bg2010-04-04	!155	gxd	
bg2010-04-11	2010-04-11	sunday		in-mr	FLIP THE BIRD	Henry Hook	bg2010-04-11	!155	gxd	
bg2010-04-18	2010-04-18	sunday		in-mr	INTERIOR DECOR	Emily Cox and Henry Rathvon	bg2010-04-18	!155	gxd	
bg2010-04-25	2010-04-25	sunday		in-mr	DON'T ASK, DON'T TELL	Henry Hook	bg2010-04-25	!155	gxd	
bg2010-05-02	2010-05-02	sunday		in-mr	COINAGE	Emily Cox and Henry Rathvon	bg2010-05-02	!155	gxd	
bg2010-05-09	2010-05-09	sunday		in-mr	DOUBLES	Henry Hook	bg2010-05-09	!155	gxd	
bg2010-05-16	2010-05-16	sunday		in-mr	CRAZY 8'S	Emily Cox and Henry Rathvon	bg2010-05-16	!155	gxd	
bg2010-05-23	2010-05-23	sunday		in-mr	F-WORDS?	Henry Hook	bg2010-05-23	!155	gxd	
bg2010-05-30	2010-05-30	sunday		in-mr	WHAT'S THE RUSH?	Emily Cox and Henry Rathvon	bg2010-05-30	!155	gxd	
bg2010-06-06	2010-06-06	sunday		missing						
bg2010-06-13	2010-06-13	sunday		in-mr	WORD BREAKS	Emily Cox and Henry Rathvon	bg2010-06-13	!155	gxd	
bg2010-06-20	2010-06-20	sunday		in-mr	DOUBLE FEATURES	Henry Hook	bg2010-06-20	!155	gxd	
bg2010-06-27	2010-06-27	sunday		in-mr	HOMEYS	Emily Cox and Henry Rathvon	bg2010-06-27	!155	gxd	
bg2010-07-04	2010-07-04	sunday		in-mr	C-PLUS	Henry Hook	bg2010-07-04	!155	gxd	
bg2010-07-11	2010-07-11	sunday		in-mr	X FACTOR	Emily Cox and Henry Rathvon	bg2010-07-11	!155	gxd	
bg2010-07-18	2010-07-18	sunday		in-mr	SUPER BOWL	Henry Hook	bg2010-07-18	!155	gxd	
bg2010-07-25	2010-07-25	sunday		in-mr	TOUR DE FRANCE	Emily Cox and Henry Rathvon	bg2010-07-25	!155	gxd	
bg2010-08-01	2010-08-01	sunday		in-mr	SIX AND THE CITY	Henry Hook	bg2010-08-01	!155	gxd	
bg2010-08-08	2010-08-08	sunday		in-mr	WACKY READINGS	Emily Cox and Henry Rathvon	bg2010-08-08	!155	gxd	
bg2010-08-15	2010-08-15	sunday		in-mr	DON'T BUG ME	Henry Hook	bg2010-08-15	!155	gxd	
bg2010-08-22	2010-08-22	sunday		in-mr	TAKE IT EASY	Emily Cox and Henry Rathvon	bg2010-08-22	!155	gxd	
bg2010-08-29	2010-08-29	sunday		in-mr	PUCKISH	Henry Hook	bg2010-08-29	!155	gxd	
bg2010-09-05	2010-09-05	sunday		in-mr	FRACTURED LATIN	Emily Cox and Henry Rathvon	bg2010-09-05	!155	gxd	
bg2010-09-12	2010-09-12	sunday		in-mr	A MOVING EXPERIENCE	Henry Hook	bg2010-09-12	!155	gxd	
bg2010-09-19	2010-09-19	sunday		in-mr	MEDIUM MESSAGE	Emily Cox and Henry Rathvon	bg2010-09-19	!155	gxd	
bg2010-09-26	2010-09-26	sunday		in-mr	MY, HOW YOU'VE GROANED!	Henry Hook	bg2010-09-26	!155	gxd	
bg2010-10-03	2010-10-03	sunday		in-mr	SIGN OF THE TIMES	Emily Cox and Henry Rathvon	bg2010-10-03	!155	gxd	
bg2010-10-10	2010-10-10	sunday		in-mr	PEA SOUP	Henry Hook	bg2010-10-10	!155	gxd	
bg2010-10-17	2010-10-17	sunday		in-mr	TREEHOUSES	Emily Cox and Henry Rathvon	bg2010-10-17	!155	gxd	
bg2010-10-24	2010-10-24	sunday		in-mr	TEXT MESSAGE	Henry Hook	bg2010-10-24	!155	gxd	
bg2010-10-31	2010-10-31	sunday		in-mr	SHUFFLING THE CARDS	Emily Cox and Henry Rathvon	bg2010-10-31	!155	gxd	
bg2010-11-07	2010-11-07	sunday		in-mr	IN AND OUT	Henry Hook	bg2010-11-07	!155	gxd	
bg2010-11-14	2010-11-14	sunday		in-mr	BORDER CROSSINGS	Emily Cox and Henry Rathvon	bg2010-11-14	!155	gxd	
bg2010-11-21	2010-11-21	sunday		in-mr	DROP A COUPLE POUNDS	Henry Hook	bg2010-11-21	!155	gxd	
bg2010-11-28	2010-11-28	sunday		in-mr	BLOWN LINES	Emily Cox and Henry Rathvon	bg2010-11-28	!155	gxd	
bg2010-12-05	2010-12-05	sunday		in-mr	CLUE SEARCH	Henry Hook	bg2010-12-05	!155	gxd	
bg2010-12-12	2010-12-12	sunday		in-mr	THE FIRST TEA PARTY	Emily Cox and Henry Rathvon	bg2010-12-12	!155	gxd	
bg2010-12-19	2010-12-19	sunday		in-mr	NOEL	Henry Hook	bg2010-12-19	!155	gxd	
bg2010-12-26	2010-12-26	sunday		in-mr	CRAZY QUILT	Emily Cox and Henry Rathvon	bg2010-12-26	!155	gxd	
bg2011-01-02	2011-01-02	sunday		in-mr	JUST SAY NO	Henry Hook	bg2011-01-02	!155	gxd	
bg2011-01-09	2011-01-09	sunday		in-mr	UP AND DOWN	Emily Cox and Henry Rathvon	bg2011-01-09	!155	gxd	
bg2011-01-16	2011-01-16	sunday		in-mr	MIXUP	Henry Hook	bg2011-01-16	!155	gxd	
bg2011-01-23	2011-01-23	sunday		in-mr	TALKING ABOUT THE WEATHER	Emily Cox and Henry Rathvon	bg2011-01-23	!155	gxd	
bg2011-01-30	2011-01-30	sunday		in-mr	CUSSWORD PUZZLE	Henry Hook	bg2011-01-30	!155	gxd	
bg2011-02-06	2011-02-06	sunday		in-mr	CELEBRATING KIWIS	Emily Cox and Henry Rathvon	bg2011-02-06	!155	gxd	
bg2011-02-13	2011-02-13	sunday		in-mr	FOURSQUARE	Henry Hook	bg2011-02-13	!155	gxd	
bg2011-02-20	2011-02-20	sunday		in-mr	PLAYING WITH ANAGRAMS	Emily Cox and Henry Rathvon	bg2011-02-20	!155	gxd	
bg2011-02-27	2011-02-27	sunday		in-mr	YOUR HUMBLE SERPENT	Henry Hook	bg2011-02-27	!155	gxd	
bg2011-03-06	2011-03-06	sunday		in-mr	FOR BOSTON FILM BUFFS	Emily Cox and Henry Rathvon	bg2011-03-06	!155	gxd	
bg2011-03-13	2011-03-13	sunday		in-mr	LINGUISTIC EXERCISE	Henry Hook	bg2011-03-13	!155	gxd	
bg2011-03-20	2011-03-20	sunday		in-mr	PLAYING WITH PALINDROMES	Emily Cox and Henry Rathvon	bg2011-03-20	!155	gxd	
bg2011-03-27	2011-03-27	sunday		in-mr	A-PUCKER-LIPS NOW	Henry Hook	bg2011-03-27	!155	gxd	
bg2011-04-03	2011-04-03	sunday		in-mr	MP3s	Emily Cox and Henry Rathvon	bg2011-04-03	!155	gxd	
bg2011-04-10	2011-04-10	sunday		in-mr	GRAPE EXPECTATIONS	Henry Hook	bg2011-04-10	!155	gxd	
bg2011-04-17	2011-04-17	sunday		in-mr	EASY RECIPE	Emily Cox and Henry Rathvon	bg2011-04-17	!155	gxd	
bg2011-04-24	2011-04-24	sunday		in-mr	WHADDYA SAY	Henry Hook	bg2011-04-24	!155	gxd	
bg2011-05-01	2011-05-01	sunday		in-mr	SHORT AND SWEET	Emily Cox and Henry Rathvon	bg2011-05-01	!155	gxd	
bg2011-05-08	2011-05-08	sunday		in-mr	CLUE FACTORY	Henry Hook	bg2011-05-08	!155	gxd	
bg2011-05-15	2011-05-15	sunday		in-mr	SPONDULIX	Emily Cox and Henry Rathvon	bg2011-05-15	!155	gxd	
bg2011-05-22	2011-05-22	sunday		in-mr	ONE OR THE OTHER	Henry Hook	bg2011-05-22	!155	gxd	
bg2011-05-29	2011-05-29	sunday		in-mr	CROWNING ACHIEVEMENT	Emily Cox and Henry Rathvon	bg2011-05-29	!155	gxd	
bg2011-06-05	2011-06-05	sunday		in-mr	CH-CH-CHANGES	Henry Hook	bg2011-06-05	!155	gxd	
bg2011-06-12	2011-06-12	sunday		in-mr	PUNNERY	Emily Cox and Henry Rathvon	bg2011-06-12	!155	gxd	
bg2011-06-19	2011-06-19	sunday		in-mr	MUST C TV	Henry Hook	bg2011-06-19	!155	gxd	
bg2011-06-26	2011-06-26	sunday		in-mr	HAM-WRITING ANALYSIS	Emily Cox and Henry Rathvon	bg2011-06-26	!155	gxd	
bg2011-07-03	2011-07-03	sunday		in-mr	RED, WHITE & BLUE	Henry Hook	bg2011-07-03	!155	gxd	
bg2011-07-10	2011-07-10	sunday		in-mr	CARRY-ONS	Emily Cox and Henry Rathvon	bg2011-07-10	!155	gxd	
bg2011-07-17	2011-07-17	sunday		in-mr	HARSH NOTES	Henry Hook	bg2011-07-17	!155	gxd	
bg2011-07-24	2011-07-24	sunday		in-mr	STATE FARE	Emily Cox and Henry Rathvon	bg2011-07-24	!155	gxd	
bg2011-07-31	2011-07-31	sunday		missing						
bg2011-08-07	2011-08-07	sunday		in-mr	A DAY AT THE PARK	Emily Cox and Henry Rathvon	bg2011-08-07	!155	gxd	
bg2011-08-14	2011-08-14	sunday		in-mr	ACROSS AND DOW	Henry Hook	bg2011-08-14	!155	gxd	
bg2011-08-21	2011-08-21	sunday		in-mr	NOT AS GOOD AS GOLD	Emily Cox and Henry Rathvon	bg2011-08-21	!155	gxd	
bg2011-08-28	2011-08-28	sunday		in-mr	MEASURE FOR MEASURE	Henry Hook	bg2011-08-28	!155	gxd	
bg2011-09-04	2011-09-04	sunday		in-mr	COMMENTARY	Emily Cox and Henry Rathvon	bg2011-09-04	!155	gxd	
bg2011-09-11	2011-09-11	sunday		in-mr	CLAIM TO FAIM	Henry Hook	bg2011-09-11	!155	gxd	
bg2011-09-18	2011-09-18	sunday		in-mr	PIRATED SONGS	Emily Cox and Henry Rathvon	bg2011-09-18	!155	gxd	
bg2011-09-25	2011-09-25	sunday		in-mr	007 2.0	Henry Hook	bg2011-09-25	!155	gxd	
bg2011-10-02	2011-10-02	sunday		in-mr	THREEFERS	Emily Cox and Henry Rathvon	bg2011-10-02	!155	gxd	
bg2011-10-09	2011-10-09	sunday		in-mr	ON THE CUTTING EDGE	Henry Hook	bg2011-10-09	!155	gxd	
bg2011-10-16	2011-10-16	sunday		in-mr	COINAGE COLLECTION	Emily Cox and Henry Rathvon	bg2011-10-16	!155	gxd	
bg2011-10-23	2011-10-23	sunday		in-mr	CONFUSABLE NAMES	Henry Hook	bg2011-10-23	!155	gxd	
bg2011-10-30	2011-10-30	sunday		in-mr	DRAC FAQ	Emily Cox and Henry Rathvon	bg2011-10-30	!155	gxd	
bg2011-11-06	2011-11-06	sunday		in-mr	PIERCE-ING COMMENT	Henry Hook	bg2011-11-06	!155	gxd	
bg2011-11-13	2011-11-13	sunday		in-mr	UNCOMMON SENSES	Emily Cox and Henry Rathvon	bg2011-11-13	!155	gxd	
bg2011-11-20	2011-11-20	sunday		in-mr	ROMAN HOLIDAY	Henry Hook	bg2011-11-20	!155	gxd	
bg2011-11-27	2011-11-27	sunday		in-mr	SPELLING B	Emily Cox and Henry Rathvon	bg2011-11-27	!155	gxd	
bg2011-12-04	2011-12-04	sunday		in-mr	EPIC FAIL	Henry Hook	bg2011-12-04	!155	gxd	
bg2011-12-11	2011-12-11	sunday		in-mr	GET-TOGETHERS	Emily Cox and Henry Rathvon	bg2011-12-11	!155	gxd	
bg2011-12-18	2011-12-18	sunday		in-mr	DEUTSCH TREAT	Henry Hook	bg2011-12-18	!155	gxd	
bg2011-12-25	2011-12-25	sunday		in-mr	CONIFER COLLECTION	Emily Cox and Henry Rathvon	bg2011-12-25	!155	gxd	
bg2012-01-01	2012-01-01	sunday		in-mr	A CASE OF THE DTS?	Henry Hook	bg2012-01-01	!155	gxd	
bg2012-01-08	2012-01-08	sunday		in-mr	WORKS OF ART	Emily Cox and Henry Rathvon	bg2012-01-08	!155	gxd	
bg2012-01-15	2012-01-15	sunday		in-mr	DOCTOR'S ORDERS	Henry Hook	bg2012-01-15	!155	gxd	
bg2012-01-22	2012-01-22	sunday		in-mr	THREEPEATS	Emily Cox and Henry Rathvon	bg2012-01-22	!155	gxd	
bg2012-01-29	2012-01-29	sunday		in-mr	IT'S THE COPPERS	Henry Hook	bg2012-01-29	!155	gxd	
bg2012-02-05	2012-02-05	sunday		in-mr	SOUPER BOWL	Emily Cox and Henry Rathvon	bg2012-02-05	!155	gxd	
bg2012-02-12	2012-02-12	sunday		in-mr	MAY I INTERRUPT?	Henry Hook	bg2012-02-12	!155	gxd	
bg2012-02-19	2012-02-19	sunday		in-mr	AD PLACEMENT	Emily Cox and Henry Rathvon	bg2012-02-19	!155	gxd	
bg2012-02-26	2012-02-26	sunday		in-mr	ONCE IS ENOUGH	Henry Hook	bg2012-02-26	!155	gxd	
bg2012-03-04	2012-03-04	sunday		in-mr	BROWN STUDY	Emily Cox and Henry Rathvon	bg2012-03-04	!155	gxd	
bg2012-03-11	2012-03-11	sunday		in-mr	BUGGED	Henry Hook	bg2012-03-11	!155	gxd	
bg2012-03-18	2012-03-18	sunday		in-mr	ANAGRAM KIT	Emily Cox and Henry Rathvon	bg2012-03-18	!155	gxd	
bg2012-03-25	2012-03-25	sunday		in-mr	WHAT THE MAGIC 8-BALL SAID	Henry Hook	bg2012-03-25	!155	gxd	
bg2012-04-01	2012-04-01	sunday		in-mr	ANNOUNCEMENT	Emily Cox and Henry Rathvon	bg2012-04-01	!155	gxd	
bg2012-04-08	2012-04-08	sunday		in-mr	IRRATIONAL NUMBERS	Henry Hook	bg2012-04-08	!155	gxd	
bg2012-04-15	2012-04-15	sunday		in-mr	BOSTON BLANKS	Emily Cox and Henry Rathvon	bg2012-04-15	!155	gxd	
bg2012-04-22	2012-04-22	sunday		in-mr	BRANCHING OUT	Henry Hook	bg2012-04-22	!155	gxd	
bg2012-04-29	2012-04-29	sunday		in-mr	I-PUZZLE	Emily Cox and Henry Rathvon	bg2012-04-29	!155	gxd	
bg2012-05-06	2012-05-06	sunday		in-mr	SIGHT GAGS	Henry Hook	bg2012-05-06	!155	gxd	
bg2012-05-13	2012-05-13	sunday		in-mr	COMIC OPERA	Emily Cox and Henry Rathvon	bg2012-05-13	!155	gxd	
bg2012-05-20	2012-05-20	sunday		in-mr	LYNN-SANITY	Henry Hook	bg2012-05-20	!155	gxd	
bg2012-05-27	2012-05-27	sunday		in-mr	QUICK QUIP	Emily Cox and Henry Rathvon	bg2012-05-27	!155	gxd	
bg2012-06-03	2012-06-03	sunday		in-mr	THE HUNGER GAMES	Henry Hook	bg2012-06-03	!155	gxd	
bg2012-06-10	2012-06-10	sunday		in-mr	NOT JOHN SMITH	Emily Cox and Henry Rathvon	bg2012-06-10	!155	gxd	
bg2012-06-17	2012-06-17	sunday		in-mr	I'M IN THE LEAD	Henry Hook	bg2012-06-17	!155	gxd	
bg2012-06-24	2012-06-24	sunday		in-mr	FILM PREQUELS	Emily Cox and Henry Rathvon	bg2012-06-24	!155	gxd	
bg2012-07-01	2012-07-01	sunday		in-mr	O-L, WHAT CAN YOU DO?	Henry Hook	bg2012-07-01	!155	gxd	
bg2012-07-08	2012-07-08	sunday		in-mr	RETROSPECTIVE	Emily Cox and Henry Rathvon	bg2012-07-08	!155	gxd	
bg2012-07-15	2012-07-15	sunday		in-mr	CHIP SHOTS?	Henry Hook	bg2012-07-15	!155	gxd	
bg2012-07-22	2012-07-22	sunday		in-mr	WORDSMITHS' TONGUE-TWISTERS	Emily Cox and Henry Rathvon	bg2012-07-22	!155	gxd	
bg2012-07-29	2012-07-29	sunday		in-mr	FLAT LINE?	Henry Hook	bg2012-07-29	!155	gxd	
bg2012-08-05	2012-08-05	sunday		in-mr	OLYMPIC TRIVIA	Emily Cox and Henry Rathvon	bg2012-08-05	!155	gxd	
bg2012-08-12	2012-08-12	sunday		in-mr	LOVE LETTERS	Henry Hook	bg2012-08-12	!155	gxd	
bg2012-08-19	2012-08-19	sunday		in-mr	NOW YOU SEE IT	Emily Cox and Henry Rathvon	bg2012-08-19	!155	gxd	
bg2012-08-26	2012-08-26	sunday		in-mr	DON'T GET PUSHY	Henry Hook	bg2012-08-26	!155	gxd	
bg2012-09-02	2012-09-02	sunday		in-mr	U TOO	Emily Cox and Henry Rathvon	bg2012-09-02	!155	gxd	
bg2012-09-09	2012-09-09	sunday		in-mr	FRONT MONEY	Henry Hook	bg2012-09-09	!155	gxd	
bg2012-09-16	2012-09-16	sunday		in-mr	CLASS ACT	Emily Cox and Henry Rathvon	bg2012-09-16	!155	gxd	
bg2012-09-23	2012-09-23	sunday		in-mr	CHEERS AND BOOZE	Henry Hook	bg2012-09-23	!155	gxd	
bg2012-09-30	2012-09-30	sunday		in-mr	X MARKS THE SPOT	Emily Cox and Henry Rathvon	bg2012-09-30	!155	gxd	
bg2012-10-07	2012-10-07	sunday		in-mr	WOODPLAY	Henry Hook	bg2012-10-07	!155	gxd	
bg2012-10-14	2012-10-14	sunday		in-mr	SUPERGROUPS	Emily Cox and Henry Rathvon	bg2012-10-14	!155	gxd	
bg2012-10-21	2012-10-21	sunday		in-mr	THE END	Henry Hook	bg2012-10-21	!155	gxd	
bg2012-10-28	2012-10-28	sunday		in-mr	ANYTHING GHOST	Emily Cox and Henry Rathvon	bg2012-10-28	!155	gxd	
bg2012-11-04	2012-11-04	sunday		in-mr	THINK ABOUT IT	Henry Hook	bg2012-11-04	!155	gxd	
bg2012-11-11	2012-11-11	sunday		in-mr	ELEVENS	Emily Cox and Henry Rathvon	bg2012-11-11	!155	gxd	
bg2012-11-18	2012-11-18	sunday		in-mr	SOMETHING'S NOT RIGHT	Henry Hook	bg2012-11-18	!155	gxd	
bg2012-11-25	2012-11-25	sunday		in-mr	A PARTICULAR PUZZLE	Emily Cox and Henry Rathvon	bg2012-11-25	!155	gxd	
bg2012-12-02	2012-12-02	sunday		in-mr	ALPHABET SOUP	Henry Hook	bg2012-12-02	!155	gxd	
bg2012-12-09	2012-12-09	sunday		in-mr	ETHNIC JOKES	Emily Cox and Henry Rathvon	bg2012-12-09	!155	gxd	
bg2012-12-16	2012-12-16	sunday		in-mr	THAT HURTS!	Henry Hook	bg2012-12-16	!155	gxd	
bg2012-12-23	2012-12-23	sunday		in-mr	RYE HUMOR	Emily Cox and Henry Rathvon	bg2012-12-23	!155	gxd	
bg2012-12-30	2012-12-30	sunday		in-mr	HIDDEN MESSAGE	Henry Hook	bg2012-12-30	!155	gxd	
bg2013-01-06	2013-01-06	sunday		in-mr	WHAT IS IT?	Emily Cox and Henry Rathvon	bg2013-01-06	!155	gxd	
bg2013-01-13	2013-01-13	sunday		in-mr	CENTENNIALS	Henry Hook	bg2013-01-13	!155	gxd	
bg2013-01-20	2013-01-20	sunday		in-mr	ROCK GARDEN	Emily Cox and Henry Rathvon	bg2013-01-20	!155	gxd	
bg2013-01-27	2013-01-27	sunday		in-mr	DO IT AGAIN	Henry Hook	bg2013-01-27	!155	gxd	
bg2013-02-03	2013-02-03	sunday		in-mr	ECHO CHAMBER	Emily Cox and Henry Rathvon	bg2013-02-03	!155	gxd	
bg2013-02-10	2013-02-10	sunday		in-mr	MOVING PARTS	Henry Hook	bg2013-02-10	!155	gxd	
bg2013-02-17	2013-02-17	sunday		in-mr	NORTHERN NEIGHBOUR	Emily Cox and Henry Rathvon	bg2013-02-17	!155	gxd	
bg2013-02-24	2013-02-24	sunday		in-mr	STEP LIVELY	Henry Hook	bg2013-02-24	!155	gxd	
bg2013-03-03	2013-03-03	sunday		in-mr	PORTMANTEAU WORDS	Emily Cox and Henry Rathvon	bg2013-03-03	!155	gxd	
bg2013-03-10	2013-03-10	sunday		in-mr	WHO AM I?	Henry Hook	bg2013-03-10	!155	gxd	
bg2013-03-17	2013-03-17	sunday		in-mr	COMMON DENOMINATOR	Emily Cox and Henry Rathvon	bg2013-03-17	!155	gxd	
bg2013-03-24	2013-03-24	sunday		in-mr	HOOKED	Henry Hook	bg2013-03-24	!155	gxd	
bg2013-03-31	2013-03-31	sunday		in-mr	PLAY-BY-PLAY	Emily Cox and Henry Rathvon	bg2013-03-31	!155	gxd	
bg2013-04-07	2013-04-07	sunday		in-mr	NOTIONAL PUBLIC RADIO	Henry Hook	bg2013-04-07	!155	gxd	
bg2013-04-14	2013-04-14	sunday		in-mr	DEBT FORGIVENESS	Emily Cox and Henry Rathvon	bg2013-04-14	!155	gxd	
bg2013-04-21	2013-04-21	sunday		in-mr	VIPS FROM DC	Henry Hook	bg2013-04-21	!155	gxd	
bg2013-04-28	2013-04-28	sunday		in-mr	BEANTOWN	Emily Cox and Henry Rathvon	bg2013-04-28	!155	gxd	
bg2013-05-05	2013-05-05	sunday		in-mr	IN THE LEAD	Henry Hook	bg2013-05-05	!155	gxd	
bg2013-05-12	2013-05-12	sunday		in-mr	PUN GENTLY	Emily Cox and Henry Rathvon	bg2013-05-12	!155	gxd	
bg2013-05-19	2013-05-19	sunday		in-mr	ONE DIRECTION	Henry Hook	bg2013-05-19	!155	gxd	
bg2013-05-26	2013-05-26	sunday		in-mr	INDY EVENT	Emily Cox and Henry Rathvon	bg2013-05-26	!155	gxd	
bg2013-06-02	2013-06-02	sunday		in-mr	FIN FUN	Henry Hook	bg2013-06-02	!155	gxd	
bg2013-06-09	2013-06-09	sunday		in-mr	PREFIXATION	Emily Cox and Henry Rathvon	bg2013-06-09	!155	gxd	
bg2013-06-16	2013-06-16	sunday		in-mr	CAN YOU TOP THIS?	Henry Hook	bg2013-06-16	!155	gxd	
bg2013-06-23	2013-06-23	sunday		in-mr	WHAT A RELIEF!	Emily Cox and Henry Rathvon	bg2013-06-23	!155	gxd	
bg2013-06-30	2013-06-30	sunday		in-mr	DOGGONE!	Emily Cox and Henry Rathvon	bg2013-06-30	!155	gxd	
bg2013-07-07	2013-07-07	sunday		in-mr	RESHOT ENDINGS	Emily Cox and Henry Rathvon	bg2013-07-07	!155	gxd	
bg2013-07-14	2013-07-14	sunday		in-mr	DIS AND DAT	Henry Hook	bg2013-07-14	!155	gxd	
bg2013-07-21	2013-07-21	sunday		in-mr	21	Emily Cox and Henry Rathvon	bg2013-07-21	!155	gxd	
bg2013-07-28	2013-07-28	sunday		in-mr	STARTING OVER	Henry Hook	bg2013-07-28	!155	gxd	
bg2013-08-04	2013-08-04	sunday		in-mr	WHAT'S IN TOWN?	Emily Cox and Henry Rathvon	bg2013-08-04	!155	gxd	
bg2013-08-11	2013-08-11	sunday		in-mr	TAKE YOUR CUE	Henry Hook	bg2013-08-11	!155	gxd	
bg2013-08-18	2013-08-18	sunday		in-mr	DOVETAILERS	Emily Cox and Henry Rathvon	bg2013-08-18	!155	gxd	
bg2013-08-25	2013-08-25	sunday		in-mr	IT'S A CRIME	Henry Hook	bg2013-08-25	!155	gxd	
bg2013-09-01	2013-09-01	sunday		in-mr	PARADE OF WORKERS	Emily Cox and Henry Rathvon	bg2013-09-01	!155	gxd	
bg2013-09-08	2013-09-08	sunday		in-mr	COOPERATION	Henry Hook	bg2013-09-08	!155	gxd	
bg2013-09-15	2013-09-15	sunday		in-mr	A MOUTHFUL OF WATER	Emily Cox and Henry Rathvon	bg2013-09-15	!155	gxd	
bg2013-09-22	2013-09-22	sunday		in-mr	WHY WAIT?	Henry Hook	bg2013-09-22	!155	gxd	
bg2013-09-29	2013-09-29	sunday		in-mr	DOUBLE DOUBLES	Emily Cox and Henry Rathvon	bg2013-09-29	!155	gxd	
bg2013-10-06	2013-10-06	sunday		in-mr	IT'S A MISTER-Y	Henry Hook	bg2013-10-06	!155	gxd	
bg2013-10-13	2013-10-13	sunday		in-mr	WRAP MUSIC	Emily Cox and Henry Rathvon	bg2013-10-13	!155	gxd	
bg2013-10-20	2013-10-20	sunday		in-mr	WAY-OFF BROADWAY	Henry Hook	bg2013-10-20	!155	gxd	
bg2013-10-27	2013-10-27	sunday		in-mr	COLOR COMBINATIONS	Emily Cox and Henry Rathvon	bg2013-10-27	!155	gxd	
bg2013-11-03	2013-11-03	sunday		in-mr	YOU DA MAN	Henry Hook	bg2013-11-03	!155	gxd	
bg2013-11-10	2013-11-10	sunday		in-mr	AU PAIRS	Emily Cox and Henry Rathvon	bg2013-11-10	!155	gxd	
bg2013-11-17	2013-11-17	sunday		in-mr	ER UH	Henry Hook	bg2013-11-17	!155	gxd	
bg2013-11-24	2013-11-24	sunday		in-mr	DON'T DO IT	Emily Cox and Henry Rathvon	bg2013-11-24	!155	gxd	
bg2013-12-01	2013-12-01	sunday		in-mr	BY GEORGE	Henry Hook	bg2013-12-01	!155	gxd	
bg2013-12-08	2013-12-08	sunday		in-mr	COMBOBULATED	Emily Cox and Henry Rathvon	bg2013-12-08	!155	gxd	
bg2013-12-15	2013-12-15	sunday		in-mr	ONE LETTER OFF	Henry Hook	bg2013-12-15	!155	gxd	
bg2013-12-22	2013-12-22	sunday		in-mr	IT'S THE THOUGHT...	Emily Cox and Henry Rathvon	bg2013-12-22	!155	gxd	
bg2013-12-29	2013-12-29	sunday		in-mr	DON'T KNOCK IT	Henry Hook	bg2013-12-29	!155	gxd	
bg2014-01-05	2014-01-05	sunday		in-mr	SPELLING KEY	Emily Cox and Henry Rathvon	bg2014-01-05	!155	gxd	
bg2014-01-12	2014-01-12	sunday		in-mr	SOUND PEOPLE	Henry Hook	bg2014-01-12	!155	gxd	
bg2014-01-19	2014-01-19	sunday		in-mr	WHOSE IS IT?	Emily Cox and Henry Rathvon	bg2014-01-19	!155	gxd	
bg2014-01-26	2014-01-26	sunday		in-mr	GER-MANE	Henry Hook	bg2014-01-26	!155	gxd	
bg2014-02-02	2014-02-02	sunday		in-mr	SPECIAL TEAM	Emily Cox and Henry Rathvon	bg2014-02-02	!155	gxd	
bg2014-02-09	2014-02-09	sunday		in-mr	ON THE SIDE OF CAUTION?	Henry Hook	bg2014-02-09	!155	gxd	
bg2014-02-16	2014-02-16	sunday		in-mr	ANIMALGRAMS	Emily Cox and Henry Rathvon	bg2014-02-16	!155	gxd	
bg2014-02-23	2014-02-23	sunday		in-mr	IN SO MANY WORDS	Henry Hook	bg2014-02-23	!155	gxd	
bg2014-03-02	2014-03-02	sunday		in-mr	OSCAR MASH-UP	Emily Cox and Henry Rathvon	bg2014-03-02	!155	gxd	
bg2014-03-09	2014-03-09	sunday		in-mr	GAME PLAY	Henry Hook	bg2014-03-09	!155	gxd	
bg2014-03-16	2014-03-16	sunday		in-mr	DOG SHOW	Emily Cox and Henry Rathvon	bg2014-03-16	!155	gxd	
bg2014-03-23	2014-03-23	sunday		in-mr	OVER YOUR HEAD	Henry Hook	bg2014-03-23	!155	gxd	
bg2014-03-30	2014-03-30	sunday		in-mr	IONIZATION	Emily Cox and Henry Rathvon	bg2014-03-30	!155	gxd	
bg2014-04-06	2014-04-06	sunday		in-mr	CHANGE PARTNERS	Henry Hook	bg2014-04-06	!155	gxd	
bg2014-04-13	2014-04-13	sunday		in-mr	WHAT KIND OF FOOD AM I?	Emily Cox and Henry Rathvon	bg2014-04-13	!155	gxd	
bg2014-04-20	2014-04-20	sunday		in-mr	P IS FOR PUZZLE	Henry Hook	bg2014-04-20	!155	gxd	
bg2014-04-27	2014-04-27	sunday		in-mr	BIRD SEARCH	Emily Cox and Henry Rathvon	bg2014-04-27	!155	gxd	
bg2014-05-04	2014-05-04	sunday		in-mr	HOMOPHONES	Henry Hook	bg2014-05-04	!155	gxd	
bg2014-05-11	2014-05-11	sunday		in-mr	MATER-IALISM	Emily Cox and Henry Rathvon	bg2014-05-11	!155	gxd	
bg2014-05-18	2014-05-18	sunday		in-mr	ANTONYMOUS ANTICS	Henry Hook	bg2014-05-18	!155	gxd	
bg2014-05-25	2014-05-25	sunday		in-mr	INITIATION	Emily Cox and Henry Rathvon	bg2014-05-25	!155	gxd	
bg2014-06-01	2014-06-01	sunday		in-mr	SODIUM ADDED	Henry Hook	bg2014-06-01	!155	gxd	
bg2014-06-08	2014-06-08	sunday		in-mr	BROUHAHA	Emily Cox and Henry Rathvon	bg2014-06-08	!155	gxd	
bg2014-06-15	2014-06-15	sunday		in-mr	YOU COULD PUT AN I OUT	Henry Hook	bg2014-06-15	!155	gxd	
bg2014-06-22	2014-06-22	sunday		in-mr	SOONER REPAST	Emily Cox and Henry Rathvon	bg2014-06-22	!155	gxd	
bg2014-06-29	2014-06-29	sunday		in-mr	A BIT OFF	Henry Hook	bg2014-06-29	!155	gxd	
bg2014-07-06	2014-07-06	sunday		in-mr	ORIENTATION	Emily Cox and Henry Rathvon	bg2014-07-06	!155	gxd	
bg2014-07-13	2014-07-13	sunday		in-mr	NO SKILL REQUIRED	Henry Hook	bg2014-07-13	!155	gxd	
bg2014-07-20	2014-07-20	sunday		in-mr	BONDAGE	Emily Cox and Henry Rathvon	bg2014-07-20	!155	gxd	
bg2014-07-27	2014-07-27	sunday		in-mr	PARTING WORDS	Henry Hook	bg2014-07-27	!155	gxd	
bg2014-08-03	2014-08-03	sunday		in-mr	BEAST SELLERS	Emily Cox and Henry Rathvon	bg2014-08-03	!155	gxd	
bg2014-08-10	2014-08-10	sunday		in-mr	DISASTROUS	Henry Hook	bg2014-08-10	!155	gxd	
bg2014-08-17	2014-08-17	sunday		in-mr	INTELLIGENCE TEST	Emily Cox and Henry Rathvon	bg2014-08-17	!155	gxd	
bg2014-08-24	2014-08-24	sunday		in-mr	IT SPEAKS VOLUMES	Henry Hook	bg2014-08-24	!155	gxd	
bg2014-08-31	2014-08-31	sunday		in-mr	LABOR UNIONS	Emily Cox and Henry Rathvon	bg2014-08-31	!155	gxd	
bg2014-09-07	2014-09-07	sunday		in-mr	TWIXT 12 AND 20	Henry Hook	bg2014-09-07	!155	gxd	
bg2014-09-14	2014-09-14	sunday		in-mr	YOUR CHOICE	Emily Cox and Henry Rathvon	bg2014-09-14	!155	gxd	
bg2014-09-21	2014-09-21	sunday		in-mr	WHAT'S HER NAME?	Henry Hook	bg2014-09-21	!155	gxd	
bg2014-09-28	2014-09-28	sunday		in-mr	LANGUAGE GAP	Emily Cox and Henry Rathvon	bg2014-09-28	!155	gxd	
bg2014-10-05	2014-10-05	sunday		in-mr	HE WHO HESITATES	Henry Hook	bg2014-10-05	!155	gxd	
bg2014-10-12	2014-10-12	sunday		in-mr	NOT-SO-OLDIES	Emily Cox and Henry Rathvon	bg2014-10-12	!155	gxd	
bg2014-10-19	2014-10-19	sunday		in-mr	ONE HENRY SALUTES ANOTHER	Henry Hook	bg2014-10-19	!155	gxd	
bg2014-10-26	2014-10-26	sunday		in-mr	SILLY SAINTS	Emily Cox and Henry Rathvon	bg2014-10-26	!155	gxd	
bg2014-11-02	2014-11-02	sunday		in-mr	NO MIDDLE NAMES	Henry Hook	bg2014-11-02	!155	gxd	
bg2014-11-09	2014-11-09	sunday		in-mr	DEMOCKRACY	Emily Cox and Henry Rathvon	bg2014-11-09	!155	gxd	
bg2014-11-16	2014-11-16	sunday		in-mr	COLLECTIVE BARGAINING	Henry Hook	bg2014-11-16	!155	gxd	
bg2014-11-23	2014-11-23	sunday		in-mr	ANAGRAM TEAMS	Emily Cox and Henry Rathvon	bg2014-11-23	!155	gxd	
bg2014-11-30	2014-11-30	sunday		in-mr	ACROSS WORD PUZZLE	Henry Hook	bg2014-11-30	!155	gxd	
bg2014-12-07	2014-12-07	sunday		in-mr	MYSTERY GUEST	Emily Cox and Henry Rathvon	bg2014-12-07	!155	gxd	
bg2014-12-14	2014-12-14	sunday		in-mr	MY TV SET IS POSSESSED	Henry Hook	bg2014-12-14	!155	gxd	
bg2014-12-21	2014-12-21	sunday		in-mr	HOW'S YOUR YIDDISH?	Emily Cox and Henry Rathvon	bg2014-12-21	!155	gxd	
bg2014-12-28	2014-12-28	sunday		in-mr	WHERE'S IT FROM?	Henry Hook	bg2014-12-28	!155	gxd	
bg2015-01-04	2015-01-04	sunday		in-mr	CREATURE FEATURE	Emily Cox and Henry Rathvon	bg2015-01-04	!155	gxd	
bg2015-01-11	2015-01-11	sunday		in-mr	NOISING ABOUT	Henry Hook	bg2015-01-11	!155	gxd	
bg2015-01-18	2015-01-18	sunday		in-mr	IRONYMS	Emily Cox and Henry Rathvon	bg2015-01-18	!155	gxd	
bg2015-01-25	2015-01-25	sunday		in-mr	DE-CONSTRUCTION	Henry Hook	bg2015-01-25	!155	gxd	
bg2015-02-01	2015-02-01	sunday		in-mr	ENCORE	Emily Cox and Henry Rathvon	bg2015-02-01	!155	gxd	
bg2015-02-08a	2015-02-08	sunday-easier	easier	need-image	AFFAIRS OF STATE	Cox and Rathvon				double issue
bg2015-02-08	2015-02-08	sunday	harder	in-mr	PUNNYTOWN USA	Henry Hook	bg2015-02-08	!155	gxd	double issue
bg2015-02-15	2015-02-15	sunday		in-mr	FIRST LADIES	Emily Cox and Henry Rathvon	bg2015-02-15	!155	gxd	
bg2015-02-22	2015-02-22	sunday		in-mr	ONE OF THE GROUP	Henry Hook	bg2015-02-22	!155	gxd	
bg2015-03-01	2015-03-01	sunday		in-mr	VOWEL PLAY	Emily Cox and Henry Rathvon	bg2015-03-01	!155	gxd	
bg2015-03-08	2015-03-08	sunday		in-mr	ANN(E)-AGRAMS	Henry Hook	bg2015-03-08	!155	gxd	
bg2015-03-15	2015-03-15	sunday		in-mr	GET LUCKY	Emily Cox and Henry Rathvon	bg2015-03-15	!155	gxd	
bg2015-03-22	2015-03-22	sunday		in-mr	HEADS OF STATE	Henry Hook	bg2015-03-22	!155	gxd	
bg2015-03-29	2015-03-29	sunday		in-mr	FRIENDS OF FENWAY FRANK	Emily Cox and Henry Rathvon	bg2015-03-29	!155	gxd	
bg2015-04-05	2015-04-05	sunday		in-mr	INITIAL IMPRESSIONS	Henry Hook	bg2015-04-05	!155	gxd	
bg2015-04-12	2015-04-12	sunday-easier	easier	in-mr	ANIMATED FILMS	Emily Cox and Henry Rathvon	bg2015-04-12	!155	gxd	double issue; named bg2015-04-12, rule Harder=plain/Easier=a would make it bg2015-04-12a
bg2015-04-12	2015-04-12	sunday	harder	need-image	DISNEYFICATION	Henry Hook				double issue
bg2015-04-19	2015-04-19	sunday		in-mr	IMPORT-ANT	Henry Hook	bg2015-04-19	!155	gxd	
bg2015-04-26	2015-04-26	sunday		in-mr	NICKNAME IN TOWN	Emily Cox and Henry Rathvon	bg2015-04-26	!155	gxd	
bg2015-05-03	2015-05-03	sunday		in-mr	ALIEN ENCOUNTER	Henry Hook	bg2015-05-03	!155	gxd	
bg2015-05-10	2015-05-10	sunday		in-mr	MA WHO?	Emily Cox and Henry Rathvon	bg2015-05-10	!155	gxd	
bg2015-05-17	2015-05-17	sunday		in-mr	I DEMAND A RAISE	Henry Hook	bg2015-05-17	!155	gxd	
bg2015-05-24	2015-05-24	sunday		in-mr	WEATHER WISE	Emily Cox and Henry Rathvon	bg2015-05-24	!155	gxd	
bg2015-05-31	2015-05-31	sunday		in-mr	WHODUNIT	Henry Hook	bg2015-05-31	!155	gxd	
bg2015-06-07	2015-06-07	sunday-easier	easier	in-mr	TWITTERFEED	Emily Cox and Henry Rathvon	bg2015-06-07	!155	gxd	double issue; named bg2015-06-07, rule Harder=plain/Easier=a would make it bg2015-06-07a
bg2015-06-07	2015-06-07	sunday	harder	need-image	FAIR EXCHANGE	Henry Hook				double issue
bg2015-06-14	2015-06-14	sunday		in-mr	SOLVING THE HARD WAY	Brendan Emmett Quigley	bg2015-06-14	!155	gxd	
bg2015-06-21	2015-06-21	sunday		in-mr	FRACTURED FRENCH	Emily Cox and Henry Rathvon	bg2015-06-21	!155	gxd	
bg2015-06-28	2015-06-28	sunday		in-mr	BREAD LINES	Brendan Emmett Quigley	bg2015-06-28	!155	gxd	
bg2015-07-05	2015-07-05	sunday		in-mr	SO SEW ME	Emily Cox and Henry Rathvon	bg2015-07-05	!155	gxd	
bg2015-07-12	2015-07-12	sunday		in-mr	TEA PARTY	Brendan Emmett Quigley	bg2015-07-12	!155	gxd	
bg2015-07-19	2015-07-19	sunday		in-mr	SOUND BITE CITATIONS	Emily Cox and Henry Rathvon	bg2015-07-19	!155	gxd	
bg2015-07-26	2015-07-26	sunday		in-mr	PUTS ON AIRS	Brendan Emmett Quigley	bg2015-07-26	!155	gxd	
bg2015-08-02	2015-08-02	sunday		in-mr	CAPITALISM	Emily Cox and Henry Rathvon	bg2015-08-02	!155	gxd	
bg2015-08-09	2015-08-09	sunday		in-mr	ALLITERATURE	Brendan Emmett Quigley	bg2015-08-09	!155	gxd	
bg2015-08-16	2015-08-16	sunday		in-mr	CONSTANT CONSONANTS	Emily Cox and Henry Rathvon	bg2015-08-16	!155	gxd	
bg2015-08-23	2015-08-23	sunday		in-mr	CROSSFIT	Brendan Emmett Quigley	bg2015-08-23	!155	gxd	
bg2015-08-30	2015-08-30	sunday-easier	easier	in-mr	SCREEN GEM	Emily Cox and Henry Rathvon	bg2015-08-30	!155	gxd	double issue; named bg2015-08-30, rule Harder=plain/Easier=a would make it bg2015-08-30a
bg2015-08-30	2015-08-30	sunday	harder	need-image	SPOT-ON	Cox and Rathvon				double issue
bg2015-09-06	2015-09-06	sunday		in-mr	LETTER HEADS	Brendan Emmett Quigley	bg2015-09-06	!155	gxd	
bg2015-09-13	2015-09-13	sunday		in-mr	WHAT'S THE HURRY?	Emily Cox and Henry Rathvon	bg2015-09-13	!155	gxd	
bg2015-09-20	2015-09-20	sunday		in-mr	CURVE CUTS	Brendan Emmett Quigley	bg2015-09-20	!155	gxd	
bg2015-09-27	2015-09-27	sunday		in-mr	CIRCULAR FILE	Emily Cox and Henry Rathvon	bg2015-09-27	!155	gxd	
bg2015-10-04	2015-10-04	sunday		in-mr	LADIES FIRST	Brendan Emmett Quigley	bg2015-10-04	!155	gxd	
bg2015-10-11	2015-10-11	sunday		in-mr	JAZZ MIX	Emily Cox and Henry Rathvon	bg2015-10-11	!155	gxd	
bg2015-10-18	2015-10-18	sunday-easier	easier	in-mr	WITH STYLE	Brendan Emmett Quigley	bg2015-10-18	!155	gxd	double issue; named bg2015-10-18, rule Harder=plain/Easier=a would make it bg2015-10-18a
bg2015-10-18a	2015-10-18	sunday	harder	in-mr	OPERA REVIEW	Emily Cox and Henry Rathvon	bg2015-10-18a	!155	gxd	double issue; named bg2015-10-18a, rule Harder=plain/Easier=a would make it bg2015-10-18
bg2015-10-25	2015-10-25	sunday		ready	THE LAST SHALL BE FIRST	Emily Cox and Henry Rathvon			wayback	
bg2015-11-01	2015-11-01	sunday		need-image	CRONE WITH THE WIND	Henry Hook			print	1-Across "Teen zine topics"; editor's note on Hook's death in this issue; for !155
bg2015-11-08	2015-11-08	sunday		need-image	DOWNFALLS	Emily Cox and Henry Rathvon			print	1-Across "Contacts good to have"; not the 2002-08-18 Downfalls; for !155
bg2015-11-15	2015-11-15	sunday		ready	FRONT AND BACK	Emily Cox and Henry Rathvon			wayback	
bg2015-11-22	2015-11-22	sunday		missing						
bg2015-11-29	2015-11-29	sunday		missing						
bg2015-12-06	2015-12-06	sunday		missing						
bg2015-12-13	2015-12-13	sunday		missing						
bg2015-12-20	2015-12-20	sunday		missing						
bg2015-12-27	2015-12-27	sunday		missing						
bg2016-01-03	2016-01-03	sunday		missing						
bg2016-01-10	2016-01-10	sunday		missing						
bg2016-01-17	2016-01-17	sunday		missing						
bg2016-01-24	2016-01-24	sunday		missing						
bg2016-01-31	2016-01-31	sunday		missing						
bg2016-02-07	2016-02-07	sunday		missing						
bg2016-02-14a	2016-02-14	sunday-easier	easier	in-mr	ANAGRAM PAIRS	Emily Cox and Henry Rathvon	bg2016-02-14a	!155	gxd	double issue
bg2016-02-14	2016-02-14	sunday	harder	in-mr	LOVERS	Emily Cox and Henry Rathvon	bg2016-02-14	!150	gxd	double issue
bg2016-02-21	2016-02-21	sunday		in-mr	ISH KA BABBLE	Brendan Emmett Quigley	bg2016-02-21	!150	gxd	
bg2016-02-28	2016-02-28	sunday		in-mr	OUTTAKES	Emily Cox and Henry Rathvon	bg2016-02-28	!150	gxd	
bg2016-03-06	2016-03-06	sunday		in-mr	BREAKFAST REQUEST	Brendan Emmett Quigley	bg2016-03-06	!150	gxd	
bg2016-03-13	2016-03-13	sunday		in-mr	SHADES OF GREEN	Emily Cox and Henry Rathvon	bg2016-03-13	!150	gxd	
bg2016-03-20	2016-03-20	sunday		missing						
bg2016-03-27	2016-03-27	sunday		missing						
bg2016-04-03a	2016-04-03	sunday-easier	easier	need-image	WELLNESS CENTER	Brendan Emmett Quigley				double issue
bg2016-04-03	2016-04-03	sunday	harder	need-image	FOURSOMES	Cox and Rathvon				double issue
bg2016-04-10	2016-04-10	sunday		missing						
bg2016-04-17	2016-04-17	sunday		missing						
bg2016-04-24	2016-04-24	sunday		in-mr	SITCOMMENTS	Emily Cox and Henry Rathvon	bg2016-04-24	!150	gxd	
bg2016-05-01	2016-05-01	sunday		missing						
bg2016-05-08	2016-05-08	sunday		in-mr	CORNBALL	Emily Cox and Henry Rathvon	bg2016-05-08	!150	gxd	
bg2016-05-15	2016-05-15	sunday		missing						
bg2016-05-22	2016-05-22	sunday		in-mr	THE CANINES FILM FESTIVAL	Emily Cox and Henry Rathvon	bg2016-05-22	!150	gxd	
bg2016-05-29	2016-05-29	sunday		missing						
bg2016-06-05	2016-06-05	sunday		in-mr	CITY AND STATE	Emily Cox and Henry Rathvon	bg2016-06-05	!150	gxd	
bg2016-06-12	2016-06-12	sunday		missing						
bg2016-06-19a	2016-06-19	sunday-easier	easier	need-image	POP QUIZ	Cox and Rathvon				double issue
bg2016-06-19	2016-06-19	sunday	harder	need-image	LEISURE ACTIVITY	Cox and Rathvon				double issue
bg2016-06-26	2016-06-26	sunday		missing						
bg2016-07-03	2016-07-03	sunday		missing						
bg2016-07-10	2016-07-10	sunday		in-mr	DRINK HOLDERS	Brendan Emmett Quigley	bg2016-07-10	!150	gxd	
bg2016-07-17	2016-07-17	sunday		missing						
bg2016-07-24	2016-07-24	sunday		missing						
bg2016-07-31	2016-07-31	sunday		missing						
bg2016-08-07	2016-08-07	sunday		in-mr	TEMPERATURE SHIFT	Brendan Emmett Quigley	bg2016-08-07	!150	gxd	
bg2016-08-14	2016-08-14	sunday		in-mr	MENTAL GYMNASTICS	Emily Cox and Henry Rathvon	bg2016-08-14	!150	gxd	
bg2016-08-21	2016-08-21	sunday		in-mr	CREW AND UNUSUAL PUN-ISHMENT	Brendan Emmett Quigley	bg2016-08-21	!150	gxd	
bg2016-08-28	2016-08-28	sunday		in-mr	AHA MOMENT	Emily Cox and Henry Rathvon	bg2016-08-28	!150	gxd	
bg2016-09-04	2016-09-04	sunday		missing						
bg2016-09-11	2016-09-11	sunday		in-mr	HOW ABOUT IT?	Emily Cox and Henry Rathvon	bg2016-09-11	!150	gxd	
bg2016-09-18	2016-09-18	sunday		in-mr	GRIDIRON GROANERS	Brendan Emmett Quigley	bg2016-09-18	!150	gxd	
bg2016-09-25	2016-09-25	sunday		missing						
bg2016-10-02	2016-10-02	sunday		in-mr	DISGRUNTLED	Brendan Emmett Quigley	bg2016-10-02	!150	gxd	
bg2016-10-09a	2016-10-09	sunday-easier	easier	need-image	OCTOBER PEOPLE	Cox and Rathvon				double issue
bg2016-10-09	2016-10-09	sunday	harder	need-image	PUZZLE IMPERFECT	Cox and Rathvon				double issue
bg2016-10-16	2016-10-16	sunday		in-mr	PLATE SETTINGS	Brendan Emmett Quigley	bg2016-10-16	!150	gxd	
bg2016-10-23	2016-10-23	sunday		in-mr	WHY DON'T THEY RHYME?	Emily Cox and Henry Rathvon	bg2016-10-23	!150	gxd	
bg2016-10-30	2016-10-30	sunday		in-mr	THE FULL MONTE	Brendan Emmett Quigley	bg2016-10-30	!150	gxd	
bg2016-11-06	2016-11-06	sunday		missing						
bg2016-11-13	2016-11-13	sunday		in-mr	NOW LOOK HERE	Brendan Emmett Quigley	bg2016-11-13	!150	gxd	
bg2016-11-20	2016-11-20	sunday		missing						
bg2016-11-27	2016-11-27	sunday		missing						
bg2016-12-04	2016-12-04	sunday		missing						
bg2016-12-11	2016-12-11	sunday		missing						
bg2016-12-18	2016-12-18	sunday		in-mr	FLOCK PARTY	Emily Cox and Henry Rathvon	bg2016-12-18	!150	gxd	
bg2016-12-25	2016-12-25	sunday		missing						
bg2017-01-01	2017-01-01	sunday		missing						
bg2017-01-08	2017-01-08	sunday		missing						
bg2017-01-15	2017-01-15	sunday		missing						
bg2017-01-22	2017-01-22	sunday		missing						
bg2017-01-29	2017-01-29	sunday		missing						
bg2017-02-05	2017-02-05	sunday		missing						
bg2017-02-12	2017-02-12	sunday		missing						
bg2017-02-19	2017-02-19	sunday		missing						
bg2017-02-26	2017-02-26	sunday		missing						
bg2017-03-05	2017-03-05	sunday		missing						
bg2017-03-12	2017-03-12	sunday		missing						
bg2017-03-19	2017-03-19	sunday		in-mr	WHAT'S THE KETCH?	Brendan Emmett Quigley	bg2017-03-19	!150	gxd	
bg2017-03-26	2017-03-26	sunday		missing						
bg2017-04-02a	2017-04-02	sunday-easier	easier	need-image	THAT'S EXTRA	Cox and Rathvon				double issue
bg2017-04-02	2017-04-02	sunday	harder	need-image	THEMELESS CHALLENGER	Brendan Emmett Quigley				double issue
bg2017-04-09	2017-04-09	sunday		missing						
bg2017-04-16	2017-04-16	sunday		missing						
bg2017-04-23	2017-04-23	sunday		missing						
bg2017-04-30	2017-04-30	sunday		missing						
bg2017-05-07	2017-05-07	sunday		in-mr	BUSINESS REPORT	Emily Cox and Henry Rathvon	bg2017-05-07	!150	gxd	
bg2017-05-14	2017-05-14	sunday		missing						
bg2017-05-21	2017-05-21	sunday		missing						
bg2017-05-28	2017-05-28	sunday		missing						
bg2017-06-04	2017-06-04	sunday		missing						
bg2017-06-11	2017-06-11	sunday		missing						
bg2017-06-18a	2017-06-18	sunday-easier	easier	need-image	CRIME BUSTERS	Cox and Rathvon				double issue
bg2017-06-18	2017-06-18	sunday	harder	need-image	THEMELESS CHALLENGER	Brendan Emmett Quigley				double issue
bg2017-06-25	2017-06-25	sunday		missing						
bg2017-07-02	2017-07-02	sunday		missing						
bg2017-07-09	2017-07-09	sunday		missing						
bg2017-07-16	2017-07-16	sunday		missing						
bg2017-07-23	2017-07-23	sunday		missing						
bg2017-07-30	2017-07-30	sunday		missing						
bg2017-08-06	2017-08-06	sunday		missing						
bg2017-08-13	2017-08-13	sunday		missing						
bg2017-08-20	2017-08-20	sunday		in-mr	AYE, AYE	Brendan Emmett Quigley	bg2017-08-20	!150	gxd	
bg2017-08-27	2017-08-27	sunday		missing						
bg2017-09-03	2017-09-03	sunday		missing						
bg2017-09-10a	2017-09-10	sunday-easier	easier	need-image	RHYMING GAME	Cox and Rathvon				double issue
bg2017-09-10	2017-09-10	sunday	harder	in-mr	FIRST SHIFT	Emily Cox and Henry Rathvon	bg2017-09-10	!150	gxd	double issue
bg2017-09-17	2017-09-17	sunday		missing						
bg2017-09-24	2017-09-24	sunday		missing						
bg2017-10-01	2017-10-01	sunday		missing						
bg2017-10-08	2017-10-08	sunday		missing						
bg2017-10-15	2017-10-15	sunday		missing						
bg2017-10-22	2017-10-22	sunday		missing						
bg2017-10-29	2017-10-29	sunday		missing						
bg2017-11-05	2017-11-05	sunday		in-mr	YOU, YOU, YOU	Emily Cox and Henry Rathvon	bg2017-11-05	!150	gxd	
bg2017-11-12	2017-11-12	sunday		in-mr	DUG LIFE	Brendan Emmett Quigley	bg2017-11-12	!150	gxd	
bg2017-11-19	2017-11-19	sunday		missing						
bg2017-11-26	2017-11-26	sunday		missing						
bg2017-12-03	2017-12-03	sunday		missing						
bg2017-12-10	2017-12-10	sunday		missing						
bg2017-12-17	2017-12-17	sunday		missing						
bg2017-12-24	2017-12-24	sunday		missing						
bg2017-12-31	2017-12-31	sunday		missing						
bg2018-01-07	2018-01-07	sunday		missing						
bg2018-01-14	2018-01-14	sunday		missing						
bg2018-01-21	2018-01-21	sunday		missing						
bg2018-01-28	2018-01-28	sunday		missing						
bg2018-02-04	2018-02-04	sunday		missing						
bg2018-02-11a	2018-02-11	sunday-easier	easier	need-image	ALPHABET SOUP	Cox and Rathvon				double issue
bg2018-02-11	2018-02-11	sunday	harder	need-image	THEMELESS CHALLENGER	Brendan Emmett Quigley				double issue
bg2018-02-18	2018-02-18	sunday		in-mr	EXTRA LAYERS	Brendan Emmett Quigley	bg2018-02-18	!150	gxd	
bg2018-02-25	2018-02-25	sunday		missing						
bg2018-03-04	2018-03-04	sunday		in-mr	EMPTY SET	Brendan Emmett Quigley	bg2018-03-04	!150	gxd	
bg2018-03-11	2018-03-11	sunday		missing						
bg2018-03-18	2018-03-18	sunday		in-mr	NARCISSIST'S PUZZLE	Brendan Emmett Quigley	bg2018-03-18	!150	gxd	
bg2018-03-25	2018-03-25	sunday		in-mr	ECHO CHAMBER	Emily Cox and Henry Rathvon	bg2018-03-25	!150	gxd	
bg2018-04-01a	2018-04-01	sunday-easier	easier	need-image	STANDARD MODELS	Cox and Rathvon				double issue
bg2018-04-01	2018-04-01	sunday	harder	in-mr	THEMELESS CHALLENGER	Brendan Emmett Quigley	bg2018-04-01	!150	gxd	double issue
bg2018-04-08	2018-04-08	sunday		in-mr	MARATHONER'S PLAYLIST	Emily Cox and Henry Rathvon	bg2018-04-08	!150	gxd	
bg2018-04-15	2018-04-15	sunday		in-mr	DORY SPELLING	Brendan Emmett Quigley	bg2018-04-15	!150	gxd	
bg2018-04-22	2018-04-22	sunday		in-mr	DOWNSIZING	Emily Cox and Henry Rathvon	bg2018-04-22	!150	gxd	
bg2018-04-29	2018-04-29	sunday		in-mr	INSIDE THE NBA	Brendan Emmett Quigley	bg2018-04-29	!150	gxd	
bg2018-05-06	2018-05-06	sunday		in-mr	ON FAMILIAR TERMS	Emily Cox and Henry Rathvon	bg2018-05-06	!150	gxd	
bg2018-05-13	2018-05-13	sunday		in-mr	COMPANY HEADS	Brendan Emmett Quigley	bg2018-05-13	!150	gxd	
bg2018-05-20	2018-05-20	sunday		in-mr	ACRONYMS	Emily Cox and Henry Rathvon	bg2018-05-20	!150	gxd	
bg2018-05-27	2018-05-27	sunday		in-mr	A GAME	Brendan Emmett Quigley	bg2018-05-27	!150	gxd	
bg2018-06-03	2018-06-03	sunday		in-mr	A LITTLE STRETCHING	Emily Cox and Henry Rathvon	bg2018-06-03	!150	gxd	
bg2018-06-10	2018-06-10	sunday		missing						
bg2018-06-17a	2018-06-17	sunday-easier	easier	need-image	TRINOMIALS	Cox and Rathvon				double issue
bg2018-06-17	2018-06-17	sunday	harder	need-image	THEMELESS CHALLENGER	Brendan Emmett Quigley				double issue
bg2018-06-24	2018-06-24	sunday		in-mr	OK BY ME	Brendan Emmett Quigley	bg2018-06-24	!150	gxd	
bg2018-07-01	2018-07-01	sunday		in-mr	RED, WHITE, AND BLUE ANAGRAMS	Emily Cox and Henry Rathvon	bg2018-07-01	!150	gxd	
bg2018-07-08	2018-07-08	sunday		in-mr	EXCEED EXPECTATIONS	Brendan Emmett Quigley	bg2018-07-08	!150	gxd	
bg2018-07-15	2018-07-15	sunday		missing						
bg2018-07-22	2018-07-22	sunday		in-mr	JUMP CHANGE	Brendan Emmett Quigley	bg2018-07-22	!150	gxd	
bg2018-07-29	2018-07-29	sunday		in-mr	TRIPLETS	Emily Cox and Henry Rathvon	bg2018-07-29	!150	gxd	
bg2018-08-05	2018-08-05	sunday		in-mr	STINK UP THE JOINT	Brendan Emmett Quigley	bg2018-08-05	!150	gxd	
bg2018-08-12	2018-08-12	sunday		in-mr	WHERE IS IT?	Emily Cox and Henry Rathvon	bg2018-08-12	!150	gxd	
bg2018-08-19	2018-08-19	sunday		in-mr	LOONY LAUGHED	Brendan Emmett Quigley	bg2018-08-19	!150	gxd	
bg2018-08-26	2018-08-26	sunday		in-mr	DOG DAYS	Emily Cox and Henry Rathvon	bg2018-08-26	!150	gxd	
bg2018-09-02	2018-09-02	sunday		in-mr	TASK AT HAND	Brendan Emmett Quigley	bg2018-09-02	!150	gxd	
bg2018-09-09	2018-09-09	sunday		in-mr	SNAP JUDGMENT	Emily Cox and Henry Rathvon	bg2018-09-09	!150	gxd	
bg2018-09-16	2018-09-16	sunday		in-mr	THE HUNAN CONDITION	Brendan Emmett Quigley	bg2018-09-16	!150	gxd	
bg2018-09-23	2018-09-23	sunday		in-mr	CHAOS THEORY	Emily Cox and Henry Rathvon	bg2018-09-23	!150	gxd	
bg2018-09-30	2018-09-30	sunday		missing						
bg2018-10-07	2018-10-07	sunday		in-mr	IF TEAMS WERE ANAGRAMS	Emily Cox and Henry Rathvon	bg2018-10-07	!150	gxd	
bg2018-10-14a	2018-10-14	sunday-easier	easier	need-image	GLOBAL CAFE	Cox and Rathvon				double issue
bg2018-10-14	2018-10-14	sunday	harder	need-image	THEMELESS CHALLENGER	Brendan Emmett Quigley				double issue
bg2018-10-21	2018-10-21	sunday		in-mr	FRANK ADMISSION	Emily Cox and Henry Rathvon	bg2018-10-21	!150	gxd	
bg2018-10-28	2018-10-28	sunday		in-mr	VWS	Brendan Emmett Quigley	bg2018-10-28	!150	gxd	
bg2018-11-04	2018-11-04	sunday		in-mr	COMING AND GOING	Emily Cox and Henry Rathvon	bg2018-11-04	!150	gxd	
bg2018-11-11	2018-11-11	sunday		in-mr	GOING PAINS	Brendan Emmett Quigley	bg2018-11-11	!150	gxd	
bg2018-11-18	2018-11-18	sunday		in-mr	HANKSGIVING	Emily Cox and Henry Rathvon	bg2018-11-18	!150	gxd	
bg2018-11-25	2018-11-25	sunday		in-mr	CNN	Brendan Emmett Quigley	bg2018-11-25	!150	gxd	
bg2018-12-02	2018-12-02	sunday		in-mr	AVIANS	Emily Cox and Henry Rathvon	bg2018-12-02	!150	gxd	
bg2018-12-09	2018-12-09	sunday		in-mr	GAME CHANGER	Brendan Emmett Quigley	bg2018-12-09	!150	gxd	
bg2018-12-16	2018-12-16	sunday		in-mr	WORKOUT	Emily Cox and Henry Rathvon	bg2018-12-16	!150	gxd	
bg2018-12-23	2018-12-23	sunday		in-mr	PRESENT DAY	Brendan Emmett Quigley	bg2018-12-23	!150	gxd	
bg2018-12-30	2018-12-30	sunday		in-mr	FIVE-STAR	Emily Cox and Henry Rathvon	bg2018-12-30	!150	gxd	
bg2019-01-06	2019-01-06	sunday		in-mr	THE JOY OF LEX	Brendan Emmett Quigley	bg2019-01-06	!150	gxd	
bg2019-01-13	2019-01-13	sunday		in-mr	AAA MEMBERS	Emily Cox and Henry Rathvon	bg2019-01-13	!150	gxd	
bg2019-01-20	2019-01-20	sunday		missing						
bg2019-01-27	2019-01-27	sunday		in-mr	UPSCALE	Emily Cox and Henry Rathvon	bg2019-01-27	!150	gxd	
bg2019-02-03	2019-02-03	sunday		in-mr	DID BUSINESS AS	Brendan Emmett Quigley	bg2019-02-03	!150	gxd	
bg2019-02-10a	2019-02-10	sunday-easier	easier	need-image	UNGORGEOUS GEORGE	Cox and Rathvon				double issue
bg2019-02-10	2019-02-10	sunday	harder	in-mr	THEMELESS CHALLENGER	Brendan Emmett Quigley	bg2019-02-10	!150	gxd	double issue
bg2019-02-17	2019-02-17	sunday		in-mr	DOUBLE SWITCH	Brendan Emmett Quigley	bg2019-02-17	!150	gxd	
bg2019-02-24	2019-02-24	sunday		in-mr	JUMBLES	Emily Cox and Henry Rathvon	bg2019-02-24	!150	gxd	
bg2019-03-03	2019-03-03	sunday		in-mr	D MINUS	Brendan Emmett Quigley	bg2019-03-03	!150	gxd	
bg2019-03-10	2019-03-10	sunday		in-mr	MEASURING UP	Emily Cox and Henry Rathvon	bg2019-03-10	!150	gxd	
bg2019-03-17	2019-03-17	sunday		missing						
bg2019-03-24	2019-03-24	sunday		missing						
bg2019-03-31a	2019-03-31	sunday-easier	easier	need-image	POSSESSED	Cox and Rathvon				double issue
bg2019-03-31	2019-03-31	sunday	harder	in-mr	THEMELESS CHALLENGER	Brendan Emmett Quigley	bg2019-03-31	!150	gxd	double issue
bg2019-04-07	2019-04-07	sunday		missing						
bg2019-04-14	2019-04-14	sunday		missing						
bg2019-04-21	2019-04-21	sunday		missing						
bg2019-04-28	2019-04-28	sunday		missing						
bg2019-05-05	2019-05-05	sunday		in-mr	CHAIN REACTION	Emily Cox and Henry Rathvon	bg2019-05-05	!150	gxd	
bg2019-05-12	2019-05-12	sunday		in-mr	SPACE OUT	Brendan Emmett Quigley	bg2019-05-12	!150	gxd	
bg2019-05-19	2019-05-19	sunday		in-mr	CRITTER LITTER	Emily Cox and Henry Rathvon	bg2019-05-19	!150	gxd	
bg2019-05-26	2019-05-26	sunday		in-mr	EVERYONE'S A CRITIC	Brendan Emmett Quigley	bg2019-05-26	!150	gxd	
bg2019-06-02	2019-06-02	sunday		missing						Wayback snapshot that day re-showed the 2019-01-06 puzzle (stale page); real puzzle unknown
bg2019-06-09	2019-06-09	sunday		in-mr	PLAY ON	Brendan Emmett Quigley	bg2019-06-09	!150	gxd	
bg2019-06-16	2019-06-16	sunday		in-mr	IT'S WHAT'S INSIDE	Emily Cox and Henry Rathvon	bg2019-06-16	!150	gxd	
bg2019-06-23a	2019-06-23	sunday-easier	easier	need-image	PUT-ON	Cox and Rathvon				double issue
bg2019-06-23	2019-06-23	sunday	harder	in-mr	THEMELESS CHALLENGER	Brendan Emmett Quigley	bg2019-06-23	!150	gxd	double issue
bg2019-06-30	2019-06-30	sunday		in-mr	SUB ASSEMBLY	Emily Cox and Henry Rathvon	bg2019-06-30	!150	gxd	
bg2019-07-07	2019-07-07	sunday		in-mr	RISK MANAGEMENT	Brendan Emmett Quigley	bg2019-07-07	!150	gxd	
bg2019-07-14	2019-07-14	sunday		in-mr	TABLE TALK	Emily Cox and Henry Rathvon	bg2019-07-14	!150	gxd	
bg2019-07-21	2019-07-21	sunday		in-mr	WORDS DEBUTED BY SHAKESPEARE	Brendan Emmett Quigley	bg2019-07-21	!150	gxd	
bg2019-07-28	2019-07-28	sunday		in-mr	MENU MISPRINTS	Emily Cox and Henry Rathvon	bg2019-07-28	!150	gxd	
bg2019-08-04	2019-08-04	sunday		in-mr	CATCHING SOME RAYS	Brendan Emmett Quigley	bg2019-08-04	!150	gxd	
bg2019-08-11	2019-08-11	sunday		in-mr	PATRON SAINTS	Emily Cox and Henry Rathvon	bg2019-08-11	!150	gxd	
bg2019-08-18	2019-08-18	sunday		missing						
bg2019-08-25	2019-08-25	sunday		in-mr	AT THE PARK	Emily Cox and Henry Rathvon	bg2019-08-25	!150	gxd	
bg2019-09-01	2019-09-01	sunday		in-mr	SCHOOL OPENINGS	Brendan Emmett Quigley	bg2019-09-01	!150	gxd	
bg2019-09-08	2019-09-08	sunday		in-mr	PROGRAMMING ERRORS	Emily Cox and Henry Rathvon	bg2019-09-08	!150	gxd	
bg2019-09-15	2019-09-15	sunday		in-mr	2B Or Not 2B	Brendan Emmett Quigley	bg2019-09-15	!150	gxd	
bg2019-09-22	2019-09-22	sunday		missing						
bg2019-09-29	2019-09-29	sunday		in-mr	PHILOSOPHY OF CROSSWORDS	Brendan Emmett Quigley	bg2019-09-29	!150	gxd	
bg2019-10-06	2019-10-06	sunday		in-mr	POTLUCK DINNER	Emily Cox and Henry Rathvon	bg2019-10-06	!150	gxd	
bg2019-10-13a	2019-10-13	sunday-easier	easier	need-image	BEARING DOWN	Cox and Rathvon				double issue
bg2019-10-13	2019-10-13	sunday	harder	in-mr	THEMELESS CHALLENGER	Brendan Emmett Quigley	bg2019-10-13	!150	gxd	double issue
bg2019-10-20	2019-10-20	sunday		in-mr	Q & A	Emily Cox and Henry Rathvon	bg2019-10-20	!150	gxd	
bg2019-10-27	2019-10-27	sunday		in-mr	SCARE TACTICS	Brendan Emmett Quigley	bg2019-10-27	!150	gxd	
bg2019-11-03	2019-11-03	sunday		missing						
bg2019-11-10	2019-11-10	sunday		in-mr	OOH! OOH!	Brendan Emmett Quigley	bg2019-11-10	!150	gxd	
bg2019-11-17	2019-11-17	sunday		in-mr	PARADOX	Emily Cox and Henry Rathvon	bg2019-11-17	!150	gxd	
bg2019-11-24	2019-11-24	sunday		in-mr	FOR THE BIRDS	Brendan Emmett Quigley	bg2019-11-24	!150	gxd	
bg2019-12-01	2019-12-01	sunday		in-mr	MONOLOG	Emily Cox and Henry Rathvon	bg2019-12-01	!150	gxd	
bg2019-12-08	2019-12-08	sunday		in-mr	AS HEARD ON THE T	Brendan Emmett Quigley	bg2019-12-08	!150	gxd	
bg2019-12-15	2019-12-15	sunday		in-mr	CURRENCY	Emily Cox and Henry Rathvon	bg2019-12-15	!150	gxd	
bg2019-12-22	2019-12-22	sunday		in-mr	GETTING YOUR LUMPS	Brendan Emmett Quigley	bg2019-12-22	!150	gxd	
bg2019-12-29	2019-12-29	sunday		missing						
bg2020-01-05	2020-01-05	sunday		in-mr	SAY, UM	Brendan Emmett Quigley	bg2020-01-05	!150	gxd	
bg2020-01-12	2020-01-12	sunday		in-mr	IMPERSONATION	Emily Cox and Henry Rathvon	bg2020-01-12	!150	gxd	
bg2020-01-19	2020-01-19	sunday		in-mr	CREATURE FEATURE	Brendan Emmett Quigley	bg2020-01-19	!150	gxd	
bg2020-01-26	2020-01-26	sunday		in-mr	OPERATIONS	Emily Cox and Henry Rathvon	bg2020-01-26	!150	gxd	
bg2020-02-02	2020-02-02	sunday		in-mr	DUDE, WHERE'S MY CAR?	Brendan Emmett Quigley	bg2020-02-02	!150	gxd	
bg2020-02-09a	2020-02-09	sunday-easier	easier	need-image	DINNER FOR EIGHT	Cox and Rathvon				double issue
bg2020-02-09	2020-02-09	sunday	harder	need-image	THEMELESS CHALLENGER	Brendan Emmett Quigley				double issue
bg2020-02-16	2020-02-16	sunday		in-mr	I GOT A NAME	Brendan Emmett Quigley	bg2020-02-16	!150	gxd	
bg2020-02-23	2020-02-23	sunday		in-mr	PTA MEETINGS	Emily Cox and Henry Rathvon	bg2020-02-23	!150	gxd	
bg2020-03-01	2020-03-01	sunday		in-mr	CROSSWORDS ON STEROIDS	Brendan Emmett Quigley	bg2020-03-01	!150	gxd	
bg2020-03-08	2020-03-08	sunday		in-mr	WHAT A DIFFERENCE AN A MAKES	Emily Cox and Henry Rathvon	bg2020-03-08	!150	gxd	
bg2020-03-15	2020-03-15	sunday		missing						
bg2020-03-22	2020-03-22	sunday		in-mr	HIGH SPIRITS	Emily Cox and Henry Rathvon	bg2020-03-22	!150	gxd	
bg2020-03-29a	2020-03-29	sunday-easier	easier	need-image	MAKING REPAIRS	Cox and Rathvon				double issue
bg2020-03-29	2020-03-29	sunday	harder	in-mr	THEMELESS CHALLENGER	Brendan Emmett Quigley	bg2020-03-29	!150	gxd	double issue
bg2020-04-05	2020-04-05	sunday		in-mr	HALF AND HALF	Emily Cox and Henry Rathvon	bg2020-04-05	!150	gxd	
bg2020-04-12	2020-04-12	sunday		in-mr	A+	Brendan Emmett Quigley	bg2020-04-12	!150	gxd	
bg2020-04-19	2020-04-19	sunday		in-mr	TWISTED TONGUES	Emily Cox and Henry Rathvon	bg2020-04-19	!150	gxd	
bg2020-04-26	2020-04-26	sunday		in-mr	AT THE TAQUERIA	Brendan Emmett Quigley	bg2020-04-26	!150	gxd	
bg2020-05-03	2020-05-03	sunday		in-mr	MASS. MOVEMENT	Emily Cox and Henry Rathvon	bg2020-05-03	!150	gxd	
bg2020-05-10	2020-05-10	sunday		missing						
bg2020-05-17	2020-05-17	sunday		in-mr	THAT SHRINKING FEELING	Emily Cox and Henry Rathvon	bg2020-05-17	!150	gxd	
bg2020-05-24	2020-05-24	sunday		missing						
bg2020-05-31	2020-05-31	sunday		missing						
bg2020-06-07	2020-06-07	sunday		in-mr	BOOK NOOK	Brendan Emmett Quigley	bg2020-06-07	!150	gxd	
bg2020-06-14	2020-06-14	sunday		missing						
bg2020-06-21	2020-06-21	sunday		in-mr	PLAYING HARD TO GET	Brendan Emmett Quigley	bg2020-06-21	!150	gxd	
bg2020-06-28	2020-06-28	sunday		missing						
bg2020-07-05	2020-07-05	sunday		in-mr	MAKE IT A DOUBLE	Brendan Emmett Quigley	bg2020-07-05	!150	gxd	
bg2020-07-12	2020-07-12	sunday		in-mr	POETIC LICENSE	Emily Cox and Henry Rathvon	bg2020-07-12	!150	gxd	
bg2020-07-19	2020-07-19	sunday		missing						
bg2020-07-26	2020-07-26	sunday		in-mr	BY DESIGN	Emily Cox and Henry Rathvon	bg2020-07-26	!150	gxd	
bg2020-08-02	2020-08-02	sunday		in-mr	TWO HEADS ARE BETTER THAN NONE	Brendan Emmett Quigley	bg2020-08-02	!150	gxd	
bg2020-08-09	2020-08-09	sunday		missing						
bg2020-08-16	2020-08-16	sunday		in-mr	WHAT, A RACKET?	Brendan Emmett Quigley	bg2020-08-16	!150	gxd	
bg2020-08-23	2020-08-23	sunday		missing						
bg2020-08-30	2020-08-30	sunday		in-mr	CAPITALIZATION	Brendan Emmett Quigley	bg2020-08-30	!150	gxd	
bg2020-09-06	2020-09-06	sunday		in-mr	UNITED FOOD WORKERS	Emily Cox and Henry Rathvon	bg2020-09-06	!150	gxd	
bg2020-09-13	2020-09-13	sunday		missing						
bg2020-09-20	2020-09-20	sunday		in-mr	7 x 3	Emily Cox and Henry Rathvon	bg2020-09-20	!150	gxd	
bg2020-09-27	2020-09-27	sunday		in-mr	BEAST MODE	Brendan Emmett Quigley	bg2020-09-27	!150	gxd	
bg2020-10-04	2020-10-04	sunday		in-mr	3 x 7	Emily Cox and Henry Rathvon	bg2020-10-04	!150	gxd	
bg2020-10-11	2020-10-11	sunday		in-mr	NFL AUDIBLES	Brendan Emmett Quigley	bg2020-10-11	!150	gxd	
bg2020-10-18a	2020-10-18	sunday-easier	easier	need-image	MASH-UPS	Cox and Rathvon				double issue
bg2020-10-18	2020-10-18	sunday	harder	in-mr	THEMELESS CHALLENGER	Brendan Emmett Quigley	bg2020-10-18	!150	gxd	double issue
bg2020-10-25	2020-10-25	sunday		in-mr	HALLOWEEN'S CANCELED	Brendan Emmett Quigley	bg2020-10-25	!150	gxd	
bg2020-11-01	2020-11-01	sunday		in-mr	OH, THE IRONY!	Emily Cox and Henry Rathvon	bg2020-11-01	!150	gxd	
bg2020-11-08	2020-11-08	sunday		in-mr	TK Oh	Brendan Emmett Quigley	bg2020-11-08	!150	gxd	
bg2020-11-15	2020-11-15	sunday		in-mr	ORIGINAL RECIPE	Emily Cox and Henry Rathvon	bg2020-11-15	!150	gxd	
bg2020-11-22	2020-11-22	sunday		in-mr	GAME OF CHANTS	Brendan Emmett Quigley	bg2020-11-22	!150	gxd	
bg2020-11-29	2020-11-29	sunday		in-mr	WHEN ANIMALS MEET	Emily Cox and Henry Rathvon	bg2020-11-29	!150	gxd	
bg2020-12-06	2020-12-06	sunday		in-mr	PUNS FOR BREAKFAST	Brendan Emmett Quigley	bg2020-12-06	!150	gxd	
bg2020-12-13	2020-12-13	sunday		in-mr	GO FIGURE	Emily Cox and Henry Rathvon	bg2020-12-13	!150	gxd	
bg2020-12-20	2020-12-20	sunday		in-mr	CHRISTMAS SONGS	Brendan Emmett Quigley	bg2020-12-20	!150	gxd	
bg2020-12-27	2020-12-27	sunday		in-mr	PASTAMANIA	Emily Cox and Henry Rathvon	bg2020-12-27	!150	gxd	
bg2021-01-03	2021-01-03	sunday		in-mr	SET YOUR MIND AT EASE	Brendan Emmett Quigley	bg2021-01-03	!150	gxd	
bg2021-01-10	2021-01-10	sunday		in-mr	ROUND AND ROUND	Emily Cox and Henry Rathvon	bg2021-01-10	!150	gxd	
bg2021-01-17	2021-01-17	sunday		in-mr	BRIDGE TABLE TALK	Brendan Emmett Quigley	bg2021-01-17	!150	gxd	
bg2021-01-24	2021-01-24	sunday		in-mr	CRIME REPORT	Emily Cox and Henry Rathvon	bg2021-01-24	!150	gxd	
bg2021-01-31	2021-01-31	sunday		in-mr	COLONISTS	Brendan Emmett Quigley	bg2021-01-31	!150	gxd	
bg2021-02-07	2021-02-07	sunday		in-mr	HONKERING DOWN	Emily Cox and Henry Rathvon	bg2021-02-07	!150	gxd	
bg2021-02-14	2021-02-14	sunday		in-mr	THEY'RE A PAIR	Brendan Emmett Quigley	bg2021-02-14	!150	gxd	
bg2021-02-21	2021-02-21	sunday		in-mr	YOO-HOO!	Emily Cox and Henry Rathvon	bg2021-02-21	!150	gxd	
bg2021-02-28	2021-02-28	sunday		in-mr	JUST FOLKS	Brendan Emmett Quigley	bg2021-02-28	!150	gxd	
bg2021-03-07	2021-03-07	sunday		in-mr	WHEN IN ITALY	Emily Cox and Henry Rathvon	bg2021-03-07	!150	gxd	
bg2021-03-14	2021-03-14	sunday		in-mr	BREWS CLUES	Brendan Emmett Quigley	bg2021-03-14	!150	gxd	
bg2021-03-21	2021-03-21	sunday		in-mr	ASPIRATIONAL	Emily Cox and Henry Rathvon	bg2021-03-21	!150	gxd	
bg2021-03-28	2021-03-28	sunday		in-mr	OCCUPATIONAL HAZARDS	Brendan Emmett Quigley	bg2021-03-28	!150	gxd	
bg2021-04-04	2021-04-04	sunday		missing						
bg2021-04-11	2021-04-11	sunday		missing						
bg2021-04-18	2021-04-18	sunday		in-mr	REPEAT PERFORMANCE	Emily Cox and Henry Rathvon	bg2021-04-18	!150	gxd	
bg2021-04-25	2021-04-25	sunday		in-mr	THE BANDS	Brendan Emmett Quigley	bg2021-04-25	!150	gxd	
bg2021-05-02	2021-05-02	sunday		in-mr	LANGUAGE 101	Emily Cox and Henry Rathvon	bg2021-05-02	!150	gxd	
bg2021-05-09	2021-05-09	sunday		in-mr	WHY	Brendan Emmett Quigley	bg2021-05-09	!150	gxd	
bg2021-05-16	2021-05-16	sunday		in-mr	CREATURE FEATURES	Emily Cox and Henry Rathvon	bg2021-05-16	!150	gxd	
bg2021-05-23	2021-05-23	sunday		in-mr	THEMELESS CHALLENGER	Brendan Emmett Quigley	bg2021-05-23	!150	gxd	
bg2021-05-30	2021-05-30	sunday		in-mr	IN THE DICTIONARY	Emily Cox and Henry Rathvon	bg2021-05-30	!150	gxd	
bg2021-06-06	2021-06-06	sunday		in-mr	HEARING TEST	Brendan Emmett Quigley	bg2021-06-06	!150	gxd	
bg2021-06-13	2021-06-13	sunday		missing						
bg2021-06-20	2021-06-20	sunday		in-mr	THREE UP, THREE DOWN	Brendan Emmett Quigley	bg2021-06-20	!150	gxd	
bg2021-06-27	2021-06-27	sunday		in-mr	COOKOUT	Emily Cox and Henry Rathvon	bg2021-06-27	!150	gxd	
bg2021-07-04	2021-07-04	sunday		missing						
bg2021-07-11	2021-07-11	sunday		in-mr	HANDLEGRAMS	Emily Cox and Henry Rathvon	bg2021-07-11	!150	gxd	
bg2021-07-18	2021-07-18	sunday		in-mr	TOP THIS	Brendan Emmett Quigley	bg2021-07-18	!150	gxd	
bg2021-07-25	2021-07-25	sunday		in-mr	NOHAIR MAN	Emily Cox and Henry Rathvon	bg2021-07-25	!150	gxd	
bg2021-08-01	2021-08-01	sunday		in-mr	SCREWED-UP COURAGE	Brendan Emmett Quigley	bg2021-08-01	!150	gxd	
bg2021-08-08	2021-08-08	sunday		in-mr	FIGURE EIGHT	Emily Cox and Henry Rathvon	bg2021-08-08	!150	gxd	
bg2021-08-15	2021-08-15	sunday		in-mr	IF I WERE YOU	Brendan Emmett Quigley	bg2021-08-15	!150	gxd	
bg2021-08-22	2021-08-22	sunday		in-mr	AT THE PUNSTER CONVENTION	Emily Cox and Henry Rathvon	bg2021-08-22	!150	gxd	
bg2021-08-29	2021-08-29	sunday		in-mr	SUPERVOCALIC SONGS	Brendan Emmett Quigley	bg2021-08-29	!150	gxd	
bg2021-09-05	2021-09-05	sunday		in-mr	PIG LATIN SCHOOL	Emily Cox and Henry Rathvon	bg2021-09-05	!150	gxd	
bg2021-09-12	2021-09-12	sunday		in-mr	YOU REALLY GOT ME	Brendan Emmett Quigley	bg2021-09-12	!150	gxd	
bg2021-09-19	2021-09-19	sunday		in-mr	2,3,4,5	Emily Cox and Henry Rathvon	bg2021-09-19	!150	gxd	
bg2021-09-26	2021-09-26	sunday		in-mr	FLOWERY LANGUAGE	Brendan Emmett Quigley	bg2021-09-26	!150	gxd	
bg2021-10-03	2021-10-03	sunday		in-mr	MARATHON FILM FEST	Emily Cox and Henry Rathvon	bg2021-10-03	!150	gxd	
bg2021-10-10	2021-10-10	sunday		in-mr	INSIDE THE NFL	Brendan Emmett Quigley	bg2021-10-10	!150	gxd	
bg2021-10-17	2021-10-17	sunday		in-mr	SPLIT ENDS	Emily Cox and Henry Rathvon	bg2021-10-17	!150	gxd	
bg2021-10-24	2021-10-24	sunday		in-mr	TROLL WITH IT	Brendan Emmett Quigley	bg2021-10-24	!150	gxd	
bg2021-10-31	2021-10-31	sunday		in-mr	CASTING AGENTS	Emily Cox and Henry Rathvon	bg2021-10-31	!150	gxd	
bg2021-11-07	2021-11-07	sunday		in-mr	W	Brendan Emmett Quigley	bg2021-11-07	!150	gxd	
bg2021-11-14	2021-11-14	sunday		in-mr	ECHO CHAMBER	Emily Cox and Henry Rathvon	bg2021-11-14	!150	gxd	
bg2021-11-21	2021-11-21	sunday		in-mr	WHAT'S FOR DINNER?	Brendan Emmett Quigley	bg2021-11-21	!150	gxd	
bg2021-11-28	2021-11-28	sunday		in-mr	LATINX	Emily Cox and Henry Rathvon	bg2021-11-28	!150	gxd	
bg2021-12-05	2021-12-05	sunday		in-mr	CROSSOVER TV SHOWS	Brendan Emmett Quigley	bg2021-12-05	!150	gxd	
bg2021-12-12	2021-12-12	sunday		in-mr	HINKY PINKIES	Emily Cox and Henry Rathvon	bg2021-12-12	!150	gxd	
bg2021-12-19	2021-12-19	sunday		in-mr	RETURN OF THE BEAST	Brendan Emmett Quigley	bg2021-12-19	!150	gxd	
bg2021-12-26	2021-12-26	sunday		in-mr	TOGETHERNESS	Emily Cox and Henry Rathvon	bg2021-12-26	!150	gxd	
bg2022-01-02	2022-01-02	sunday		in-mr	VW	Brendan Emmett Quigley	bg2022-01-02	!150	gxd	
bg2022-01-09	2022-01-09	sunday		in-mr	FROM RIGHT TO LEFT	Emily Cox and Henry Rathvon	bg2022-01-09	!150	gxd	
bg2022-01-16	2022-01-16	sunday		in-mr	BOOK PAIRS	Brendan Emmett Quigley	bg2022-01-16	!150	gxd	
bg2022-01-23	2022-01-23	sunday		in-mr	MOB SCENE	Emily Cox and Henry Rathvon	bg2022-01-23	!150	gxd	
bg2022-01-30	2022-01-30	sunday		in-mr	SEVEN AND SEVEN IS	Brendan Emmett Quigley	bg2022-01-30	!150	gxd	
bg2022-02-06	2022-02-06	sunday		in-mr	REDS	Emily Cox and Henry Rathvon	bg2022-02-06	!150	gxd	
bg2022-02-13	2022-02-13	sunday		in-mr	LINKED INDY	Brendan Emmett Quigley	bg2022-02-13	!150	gxd	
bg2022-02-20	2022-02-20	sunday		in-mr	ON BOARD	Emily Cox and Henry Rathvon	bg2022-02-20	!150	gxd	
bg2022-02-27	2022-02-27	sunday		in-mr	MUSICAL LADDERS	Brendan Emmett Quigley	bg2022-02-27	!150	gxd	
bg2022-03-06	2022-03-06	sunday		in-mr	PUZZLE BOX	Emily Cox and Henry Rathvon	bg2022-03-06	!150	gxd	
bg2022-03-13	2022-03-13	sunday		in-mr	GRAINS OF TRUTH	Brendan Emmett Quigley	bg2022-03-13	!150	gxd	
bg2022-03-20	2022-03-20	sunday		in-mr	ANIMAPHONICS	Emily Cox and Henry Rathvon	bg2022-03-20	!150	gxd	
bg2022-03-27	2022-03-27	sunday		in-mr	Tacking On	Joon Pahk	bg2022-03-27	!150	gxd	
bg2022-04-03	2022-04-03	sunday		in-mr	Order Up In The Consonant Kitchen	Brendan Emmett Quigley	bg2022-04-03	!150	gxd	
bg2022-04-10	2022-04-10	sunday		in-mr	W-2	Emily Cox and Henry Rathvon	bg2022-04-10	!150	gxd	
bg2022-04-17	2022-04-17	sunday		in-mr	The Rites of Spring	Joon Pahk	bg2022-04-17	!150	gxd	
bg2022-04-24	2022-04-24	sunday		in-mr	Singularity	Brendan Emmett Quigley	bg2022-04-24	!150	gxd	
bg2022-05-01	2022-05-01	sunday		in-mr	FOND FAREWELL	Emily Cox and Henry Rathvon	bg2022-05-01	!150	gxd	
bg2022-05-08	2022-05-08	sunday		in-mr	Octomom	Joon Pahk	bg2022-05-08	!150	gxd	
bg2022-05-15	2022-05-15	sunday		missing						
bg2022-05-22	2022-05-22	sunday		in-mr	Body Doubles	Joon Pahk	bg2022-05-22	!150	gxd	
bg2022-05-29	2022-05-29	sunday		in-mr	Former Puzzle	Brendan Emmett Quigley	bg2022-05-29	!150	gxd	
bg2022-06-05	2022-06-05	sunday		in-mr	Theme Songs (Boston Globe, 5 Jun 2022)	Joon Pahk	bg2022-06-05	!150	gxd	
bg2022-06-12	2022-06-12	sunday		missing						
bg2022-06-19	2022-06-19	sunday		in-mr	Dad Jokes	Joon Pahk	bg2022-06-19	!150	gxd	
bg2022-06-26	2022-06-26	sunday		in-mr	Spanish Immersion	Brendan Emmett Quigley	bg2022-06-26	!150	gxd	
bg2022-07-03	2022-07-03	sunday		in-mr	What a Dumpling!	Joon Pahk	bg2022-07-03	!150	gxd	
bg2022-07-10	2022-07-10	sunday		missing						
bg2022-07-17	2022-07-17	sunday		in-mr	Moving the Goalposts	Joon Pahk	bg2022-07-17	!150	gxd	
bg2022-07-24	2022-07-24	sunday		missing						
bg2022-07-31	2022-07-31	sunday		need-image	IMAGINARY FRIENDS	Joon Pahk			print	not on the website that day
bg2022-08-07	2022-08-07	sunday		in-mr	PICTURE IMPERFECT	Brendan Emmett Quigley	bg2022-08-07	!150	gxd	
bg2022-08-14	2022-08-14	sunday		in-mr	How Are You?	Joon Pahk	bg2022-08-14	!150	gxd	
bg2022-08-21	2022-08-21	sunday		in-mr	WE OWN THIS CITY	Brendan Emmett Quigley	bg2022-08-21	!150	gxd	
bg2022-08-28	2022-08-28	sunday		in-mr	Change of Heart	Joon Pahk	bg2022-08-28	!150	gxd	
bg2022-09-04	2022-09-04	sunday		in-mr	What Are The Odds	Brendan Emmett Quigley	bg2022-09-04	!150	gxd	
bg2022-09-11	2022-09-11	sunday		in-mr	We're Expanding	Joon Pahk	bg2022-09-11	!150	gxd	
bg2022-09-18	2022-09-18	sunday		in-mr	THEMELESS CHALLENGER	Brendan Emmett Quigley	bg2022-09-18	!150	gxd	
bg2022-09-25	2022-09-25	sunday		in-mr	Upscale	Joon Pahk	bg2022-09-25	!150	gxd	
bg2022-10-02	2022-10-02	sunday		in-mr	SAD TROMBONE	Brendan Emmett Quigley	bg2022-10-02	!150	gxd	
bg2022-10-09	2022-10-09	sunday		in-mr	Movie Playback	Joon Pahk	bg2022-10-09	!150	gxd	
bg2022-10-16	2022-10-16	sunday		in-mr	Camouflaged Animals	Brendan Emmett Quigley	bg2022-10-16	!150	gxd	
bg2022-10-23	2022-10-23	sunday		in-mr	Let Me In	Joon Pahk	bg2022-10-23	!150	gxd	
bg2022-10-30	2022-10-30	sunday		in-mr	Candy Corn	Brendan Emmett Quigley	bg2022-10-30	!150	gxd	
bg2022-11-06	2022-11-06	sunday		in-mr	Fall Back	Joon Pahk	bg2022-11-06	!150	gxd	
bg2022-11-13	2022-11-13	sunday		in-mr	Tools of the NFL	Brendan Emmett Quigley	bg2022-11-13	!150	gxd	
bg2022-11-20	2022-11-20	sunday		in-mr	Soccer Talk	Joon Pahk	bg2022-11-20	!150	gxd	
bg2022-11-27	2022-11-27	sunday		in-mr	CROSS SWORDS	Brendan Emmett Quigley	bg2022-11-27	!150	gxd	
bg2022-12-04	2022-12-04	sunday		in-mr	Sounds Fishy	Joon Pahk	bg2022-12-04	!150	gxd	
bg2022-12-11	2022-12-11	sunday		in-mr	Wean Selections	Brendan Emmett Quigley	bg2022-12-11	!150	gxd	
bg2022-12-18	2022-12-18	sunday		in-mr	Uh-Oh	Joon Pahk	bg2022-12-18	!150	gxd	
bg2022-12-25	2022-12-25	sunday		missing						
bg2023-01-01	2023-01-01	sunday		missing						
bg2023-01-08	2023-01-08	sunday		missing						
bg2023-01-15	2023-01-15	sunday		in-mr	Asking the Wrong Questions	Joon Pahk	bg2023-01-15	!150	gxd	
bg2023-01-22	2023-01-22	sunday		missing						
bg2023-01-29	2023-01-29	sunday		in-mr	Car Talk	Joon Pahk	bg2023-01-29	!150	gxd	
bg2023-02-05	2023-02-05	sunday		missing						
bg2023-02-12	2023-02-12	sunday		in-mr	The Long and the Short of It	Joon Pahk	bg2023-02-12	!150	gxd	
bg2023-02-19	2023-02-19	sunday		in-mr	KEY COMPONENTS	Brendan Emmett Quigley	bg2023-02-19	!150	gxd	
bg2023-02-26	2023-02-26	sunday		missing						
bg2023-03-05	2023-03-05	sunday		in-mr	ICE CAPADES	Brendan Emmett Quigley	bg2023-03-05	!150	gxd	
bg2023-03-12	2023-03-12	sunday		missing						
bg2023-03-19	2023-03-19	sunday		missing						
bg2023-03-26	2023-03-26	sunday		in-mr	Prefix Menu	Joon Pahk	bg2023-03-26	!150	gxd	
bg2023-04-02	2023-04-02	sunday		in-mr	The Me-Less Crossword	Brendan Emmett Quigley	bg2023-04-02	!150	gxd	
bg2023-04-09	2023-04-09	sunday		in-mr	Tea for Two and Two for Tea	Joon Pahk	bg2023-04-09	!150	gxd	
bg2023-04-16	2023-04-16	sunday		in-mr	It Takes Two	Brendan Emmett Quigley	bg2023-04-16	!150	gxd	
bg2023-04-23	2023-04-23	sunday		missing						
bg2023-04-30	2023-04-30	sunday		missing						
bg2023-05-07	2023-05-07	sunday		in-mr	Equipping	Joon Pahk	bg2023-05-07	!150	gxd	
bg2023-05-14	2023-05-14	sunday		in-mr	The Animalz Greatest Hits	Brendan Emmett Quigley	bg2023-05-14	!150	gxd	
bg2023-05-21	2023-05-21	sunday		in-mr	The Land of Nod	Joon Pahk	bg2023-05-21	!150	gxd	
bg2023-05-28	2023-05-28	sunday		in-mr	Six Consonants In A Row	Brendan Emmett Quigley	bg2023-05-28	!150	gxd	
bg2023-06-04	2023-06-04	sunday		in-mr	Breaking Bread	Joon Pahk	bg2023-06-04	!150	gxd	
bg2023-06-11	2023-06-11	sunday		missing						
bg2023-06-18	2023-06-18	sunday		in-mr	Forefathers	Joon Pahk	bg2023-06-18	!150	gxd	
bg2023-06-25	2023-06-25	sunday		in-mr	Film Adaptations	Brendan Emmett Quigley	bg2023-06-25	!150	gxd	
bg2023-07-02	2023-07-02	sunday		in-mr	Gimme Five	Joon Pahk	bg2023-07-02	!150	gxd	
bg2023-07-09	2023-07-09	sunday		in-mr	The Eagles	Brendan Emmett Quigley	bg2023-07-09	!150	gxd	
bg2023-07-16	2023-07-16	sunday		in-mr	Switching Sides	Joon Pahk	bg2023-07-16	!150	gxd	
bg2023-07-23	2023-07-23	sunday		in-mr	BBW	Brendan Emmett Quigley	bg2023-07-23	!150	gxd	
bg2023-07-30	2023-07-30	sunday		in-mr	Whatcha Doin'?	Joon Pahk	bg2023-07-30	!150	gxd	
bg2023-08-06	2023-08-06	sunday		in-mr	Who's Zoomin' Who?	Brendan Emmett Quigley	bg2023-08-06	!150	gxd	
bg2023-08-13	2023-08-13	sunday		in-mr	In/Out	Joon Pahk	bg2023-08-13	!150	gxd	
bg2023-08-20	2023-08-20	sunday		missing						
bg2023-08-27	2023-08-27	sunday		in-mr	Out and Out	Joon Pahk	bg2023-08-27	!150	gxd	
bg2023-09-03	2023-09-03	sunday		in-mr	Modern Maturity	Brendan Emmett Quigley	bg2023-09-03	!150	gxd	
bg2023-09-10	2023-09-10	sunday		missing						
bg2023-09-17	2023-09-17	sunday		in-mr	JAB STAND	Brendan Emmett Quigley	bg2023-09-17	!150	gxd	
bg2023-09-24	2023-09-24	sunday		in-mr	Falling Leaves	Joon Pahk	bg2023-09-24	!150	gxd	
bg2023-10-01	2023-10-01	sunday		in-mr	EH? OH!	Brendan Emmett Quigley	bg2023-10-01	!150	gxd	
bg2023-10-08	2023-10-08	sunday		in-mr	Two-Way Streets	Joon Pahk	bg2023-10-08	!150	gxd	
bg2023-10-15	2023-10-15	sunday		in-mr	THEMELESS CHALLENGER	Brendan Emmett Quigley	bg2023-10-15	!150	gxd	
bg2023-10-22	2023-10-22	sunday		in-mr	B Movies	Joon Pahk	bg2023-10-22	!150	gxd	
bg2023-10-29	2023-10-29	sunday		in-mr	SCARE QUOTES	Brendan Emmett Quigley	bg2023-10-29	!150	gxd	
bg2023-11-05	2023-11-05	sunday		in-mr	Gain an Hour	Joon Pahk	bg2023-11-05	!150	gxd	
bg2023-11-12	2023-11-12	sunday		in-mr	WRITING REASSIGNMENTS	Brendan Emmett Quigley	bg2023-11-12	!150	gxd	
bg2023-11-19	2023-11-19	sunday		in-mr	Eat Your Fill	Joon Pahk	bg2023-11-19	!150	gxd	
bg2023-11-26	2023-11-26	sunday		in-mr	It Ain't Over Till The Fat Lady Sings	Brendan Emmett Quigley	bg2023-11-26	!150	gxd	
bg2023-12-03	2023-12-03	sunday		in-mr	Left Behind	Joon Pahk	bg2023-12-03	!150	gxd	
bg2023-12-10	2023-12-10	sunday		in-mr	Animal Collective	Brendan Emmett Quigley	bg2023-12-10	!150	gxd	
bg2023-12-17	2023-12-17	sunday		in-mr	Baby, It's Cold Outside	Joon Pahk	bg2023-12-17	!150	gxd	
bg2023-12-24	2023-12-24	sunday		in-mr	Announcing the Christmas Party Guests	Brendan Emmett Quigley	bg2023-12-24	!150	gxd	
bg2023-12-31	2023-12-31	sunday		in-mr	Year-End Bonus	Joon Pahk	bg2023-12-31	!150	gxd	
bg2024-01-07	2024-01-07	sunday		in-mr	One Up Front	Brendan Emmett Quigley	bg2024-01-07	!150	gxd	
bg2024-01-14	2024-01-14	sunday		in-mr	There's No Comparison	Joon Pahk	bg2024-01-14	!150	gxd	
bg2024-01-21	2024-01-21	sunday		in-mr	EXCESS	Brendan Emmett Quigley	bg2024-01-21	!150	gxd	
bg2024-01-28	2024-01-28	sunday		in-mr	Double Back	Joon Pahk	bg2024-01-28	!150	gxd	
bg2024-02-04	2024-02-04	sunday		in-mr	ON THE TABLE	Brendan Emmett Quigley	bg2024-02-04	!150	gxd	
bg2024-02-11	2024-02-11	sunday		in-mr	Westward Ho!	Joon Pahk	bg2024-02-11	!150	gxd	
bg2024-02-18	2024-02-18	sunday		missing						
bg2024-02-25	2024-02-25	sunday		ready	Central Position	Joon Pahk			puzzmo	
bg2024-03-03	2024-03-03	sunday		ready	Coastal Cities	Brendan Emmett Quigley			puzzmo	
bg2024-03-10	2024-03-10	sunday		ready	Repeat Offenders	Joon Pahk			puzzmo	
bg2024-03-17	2024-03-17	sunday		ready	Beer Me	Brendan Emmett Quigley			puzzmo	
bg2024-03-24	2024-03-24	sunday		ready	Opposites Attract	Joon Pahk			puzzmo	
bg2024-03-31	2024-03-31	sunday		ready	You've Got To Stand For Something	Brendan Emmett Quigley			puzzmo	
bg2024-04-07	2024-04-07	sunday		ready	You'll Never Hear the En of It	Joon Pahk			puzzmo	
bg2024-04-14	2024-04-14	sunday		ready	I Know This Guy	Brendan Emmett Quigley			puzzmo	
bg2024-04-21	2024-04-21	sunday		ready	Oral Exam	Joon Pahk			puzzmo	
bg2024-04-28	2024-04-28	sunday		ready	It's a Singe	Brendan Emmett Quigley			puzzmo	
bg2024-05-05	2024-05-05	sunday		ready	Sick Day	Joon Pahk			puzzmo	
bg2024-05-12	2024-05-12	sunday		ready	Royal Talk	Brendan Emmett Quigley			puzzmo	
bg2024-05-19	2024-05-19	sunday		ready	Taken Aback	Joon Pahk			puzzmo	
bg2024-05-26	2024-05-26	sunday		ready	LA-ST Words	Brendan Emmett Quigley			puzzmo	
bg2024-06-02	2024-06-02	sunday		ready	Tortured Poets Department	Joon Pahk			puzzmo	
bg2024-06-09	2024-06-09	sunday		ready	THEMELESS CHALLENGER	Brendan Emmett Quigley			puzzmo	
bg2024-06-16	2024-06-16	sunday		ready	Book Reviews	Joon Pahk			puzzmo	
bg2024-06-23	2024-06-23	sunday		ready	Veiling Up	Brendan Emmett Quigley			puzzmo	
bg2024-06-24	2024-06-24	themeless-week		ready	SUMMER THEMELESS WEEK, PUZZLE 1	Larry Snyder			puzzmo	
bg2024-06-25	2024-06-25	themeless-week		ready	SUMMER THEMELESS WEEK, PUZZLE 2	Amie Walker and Shannon Rapp			puzzmo	
bg2024-06-26	2024-06-26	themeless-week		ready	SUMMER THEMELESS WEEK, PUZZLE 3	Kyle Dolan			puzzmo	
bg2024-06-27	2024-06-27	themeless-week		ready	SUMMER THEMELESS WEEK, PUZZLE 4	Jess Rucks			puzzmo	
bg2024-06-28	2024-06-28	themeless-week		ready	SUMMER THEMELESS WEEK, PUZZLE 5	Lydia Roth			puzzmo	
bg2024-06-29	2024-06-29	themeless-week		ready	SUMMER THEMELESS WEEK, PUZZLE 6	Kareem Ayas			puzzmo	
bg2024-06-30	2024-06-30	sunday		ready	Appendices	Joon Pahk			puzzmo	
bg2024-07-07	2024-07-07	sunday		ready	Why I Oughta ...	Brendan Emmett Quigley			puzzmo	
bg2024-07-14	2024-07-14	sunday		ready	Pardon My French	Joon Pahk			puzzmo	
bg2024-07-21	2024-07-21	sunday		ready	Foreplay	Brendan Emmett Quigley			puzzmo	
bg2024-07-28	2024-07-28	sunday		ready	Game Change	Joon Pahk			puzzmo	
bg2024-08-04	2024-08-04	sunday		ready	Decomposing Composers	Brendan Emmett Quigley			puzzmo	
bg2024-08-11	2024-08-11	sunday		ready	Games Over	Joon Pahk			puzzmo	
bg2024-08-18	2024-08-18	sunday		missing						
bg2024-08-25	2024-08-25	sunday		ready	Hesitation	Joon Pahk			puzzmo	
bg2024-09-01	2024-09-01	sunday		ready	Body Swap	Brendan Emmett Quigley			puzzmo	
bg2024-09-08	2024-09-08	sunday		ready	Leave Your Shoes by the Wall	Joon Pahk			puzzmo	
bg2024-09-15	2024-09-15	sunday		ready	We're Back	Brendan Emmett Quigley			puzzmo	
bg2024-09-22	2024-09-22	sunday		missing						
bg2024-09-23	2024-09-23	themeless-week		ready	FALL THEMELESS WEEK, PUZZLE 1	Gwynneth Uhrhammer and Sarah Sinclair			puzzmo	
bg2024-09-24	2024-09-24	themeless-week		ready	FALL THEMELESS WEEK, PUZZLE 2	Emily Biegas			puzzmo	
bg2024-09-25	2024-09-25	themeless-week		ready	FALL THEMELESS WEEK, PUZZLE 3	Quinn George			puzzmo	
bg2024-09-26	2024-09-26	themeless-week		ready	FALL THEMELESS WEEK, PUZZLE 4	Dennis McCartney			puzzmo	
bg2024-09-27	2024-09-27	themeless-week		ready	FALL THEMELESS WEEK, PUZZLE 5	Matthew Luter			puzzmo	
bg2024-09-28	2024-09-28	themeless-week		ready	FALL THEMELESS WEEK, PUZZLE 6	Rafael Musa			puzzmo	
bg2024-09-29	2024-09-29	sunday		ready	Think Again	Brendan Emmett Quigley			puzzmo	
bg2024-10-06	2024-10-06	sunday		ready	Payback	Joon Pahk			puzzmo	
bg2024-10-13	2024-10-13	sunday		ready	NFL Playlist	Brendan Emmett Quigley			puzzmo	
bg2024-10-20	2024-10-20	sunday		ready	Affronts	Joon Pahk			puzzmo	
bg2024-10-27	2024-10-27	sunday		ready	Supervocalic Restaurant Menu	Brendan Emmett Quigley			puzzmo	
bg2024-11-03	2024-11-03	sunday		ready	R2-D2	Joon Pahk			puzzmo	
bg2024-11-10	2024-11-10	sunday		ready	Chilling On A Word Ladder	Brendan Emmett Quigley			puzzmo	
bg2024-11-17	2024-11-17	sunday		ready	What's Inside?	Joon Pahk			puzzmo	
bg2024-11-24	2024-11-24	sunday		ready	Thanks Giving	Brendan Emmett Quigley			puzzmo	
bg2024-12-01	2024-12-01	sunday		ready	Mass Confusion	Joon Pahk			puzzmo	
bg2024-12-08	2024-12-08	sunday		ready	Beasts Increased	Brendan Emmett Quigley			puzzmo	
bg2024-12-15	2024-12-15	sunday		ready	We've Got Issues	Joon Pahk			puzzmo	
bg2024-12-16	2024-12-16	themeless-week		ready	WINTER THEMELESS WEEK, PUZZLE 1	Kyle Dolan			puzzmo	
bg2024-12-17	2024-12-17	themeless-week		ready	WINTER THEMELESS WEEK, PUZZLE 2	Boaz Moser			puzzmo	
bg2024-12-18	2024-12-18	themeless-week		ready	WINTER THEMELESS WEEK, PUZZLE 3	Amie Walker			puzzmo	
bg2024-12-19	2024-12-19	themeless-week		ready	WINTER THEMELESS WEEK, PUZZLE 4	Jess Rucks			puzzmo	
bg2024-12-20	2024-12-20	themeless-week		ready	WINTER THEMELESS WEEK, PUZZLE 5	Matthew Luter			puzzmo	
bg2024-12-21	2024-12-21	themeless-week		ready	WINTER THEMELESS WEEK, PUZZLE 6	Quinn George			puzzmo	
bg2024-12-22	2024-12-22	sunday		ready	Game Theory	Brendan Emmett Quigley			puzzmo	
bg2024-12-29	2024-12-29	sunday		ready	Year-End Savings	Joon Pahk			puzzmo	
bg2025-01-05	2025-01-05	sunday		ready	Golfers	Brendan Emmett Quigley			puzzmo	
bg2025-01-12	2025-01-12	sunday		ready	Ch-ch-ch-ch-changes	Joon Pahk			puzzmo	
bg2025-01-19	2025-01-19	sunday		ready	Musical Differences	Brendan Emmett Quigley			puzzmo	
bg2025-01-26	2025-01-26	sunday		ready	After a Fashion	Joon Pahk			puzzmo	
bg2025-02-02	2025-02-02	sunday		ready	Without You	Brendan Emmett Quigley			puzzmo	
bg2025-02-09	2025-02-09	sunday		ready	Punsters	Joon Pahk			puzzmo	
bg2025-02-16	2025-02-16	sunday		ready	I For One	Brendan Emmett Quigley			puzzmo	
bg2025-02-23	2025-02-23	sunday		ready	In N Out	Joon Pahk			puzzmo	
bg2025-03-02	2025-03-02	sunday		ready	No Good	Brendan Emmett Quigley			puzzmo	
bg2025-03-09	2025-03-09	sunday		ready	What Not to Wear	Joon Pahk			puzzmo	
bg2025-03-16	2025-03-16	sunday		ready	GOLDEN I	Brendan Emmett Quigley			puzzmo	
bg2025-03-23	2025-03-23	sunday		ready	Twice As Nice	Joon Pahk			puzzmo	
bg2025-03-24	2025-03-24	themeless-week		ready	SPRING THEMELESS WEEK, PUZZLE 1	CJ Tan			puzzmo	
bg2025-03-25	2025-03-25	themeless-week		ready	SPRING THEMELESS WEEK, PUZZLE 2	Walker Griggs			puzzmo	
bg2025-03-26	2025-03-26	themeless-week		ready	SPRING THEMELESS WEEK, PUZZLE 3	Leo Tsai			puzzmo	
bg2025-03-27	2025-03-27	themeless-week		ready	SPRING THEMELESS WEEK, PUZZLE 4	Amie Walker and Amanda Rafkin			puzzmo	
bg2025-03-28	2025-03-28	themeless-week		ready	SPRING THEMELESS WEEK, PUZZLE 5	Adrian Johnson			puzzmo	
bg2025-03-29	2025-03-29	themeless-week		ready	SPRING THEMELESS WEEK, PUZZLE 6	Boaz Moser			puzzmo	
bg2025-03-30	2025-03-30	sunday		ready	Red Shift	Brendan Emmett Quigley			puzzmo	
bg2025-04-06	2025-04-06	sunday		ready	Commercial Breaks	Joon Pahk			puzzmo	
bg2025-04-13	2025-04-13	sunday		ready	Mixing Colors	Brendan Emmett Quigley			puzzmo	
bg2025-04-20	2025-04-20	sunday		ready	Baked on 4/20	Joon Pahk			puzzmo	
bg2025-04-27	2025-04-27	sunday		ready	GQ Model	Brendan Emmett Quigley			puzzmo	
bg2025-05-04	2025-05-04	sunday		ready	May the Fourth Be With You	Joon Pahk			puzzmo	
bg2025-05-11	2025-05-11	sunday		ready	Mother's Day	Brendan Emmett Quigley			puzzmo	
bg2025-05-18	2025-05-18	sunday		ready	Brand X	Joon Pahk			puzzmo	
bg2025-05-25	2025-05-25	sunday		ready	My Initial Thoughts	Brendan Emmett Quigley			puzzmo	
bg2025-06-01	2025-06-01	sunday		ready	LGBTQIA+	Joon Pahk			puzzmo	
bg2025-06-08	2025-06-08	sunday		ready	Gain of Function	Brendan Emmett Quigley			puzzmo	
bg2025-06-15	2025-06-15	sunday		ready	Come to Papa	Joon Pahk			puzzmo	
bg2025-06-16	2025-06-16	themeless-week		ready	SUMMER 2025 THEMELESS WEEK, PUZZLE 1	Leo Tsai			puzzmo	
bg2025-06-17	2025-06-17	themeless-week		ready	SUMMER 2025 THEMELESS WEEK, PUZZLE 2	Rafael Musa			puzzmo	
bg2025-06-18	2025-06-18	themeless-week		ready	SUMMER 2025 THEMELESS WEEK, PUZZLE 3	Dennis Mc Cartney			puzzmo	
bg2025-06-19	2025-06-19	themeless-week		ready	SUMMER 2025 THEMELESS WEEK, PUZZLE 4	Jamixiy			puzzmo	
bg2025-06-20	2025-06-20	themeless-week		ready	SUMMER 2025 THEMELESS WEEK, PUZZLE 5	Christina Bodensiek			puzzmo	
bg2025-06-21	2025-06-21	themeless-week		ready	SUMMER 2025 THEMELESS WEEK, PUZZLE 6	Hannah Slovut-Einertson			puzzmo	
bg2025-06-22	2025-06-22	sunday		ready	Come Back	Brendan Emmett Quigley			puzzmo	
bg2025-06-29	2025-06-29	sunday		ready	Stay for a Meal	Joon Pahk			puzzmo	
bg2025-07-06	2025-07-06	sunday		ready	"D" End	Brendan Emmett Quigley			puzzmo	
bg2025-07-13	2025-07-13	sunday		ready	Gone Girl	Joon Pahk			puzzmo	
bg2025-07-20	2025-07-20	sunday		ready	ACTION!	Brendan Emmett Quigley			puzzmo	
bg2025-07-27	2025-07-27	sunday		ready	That Is Final	Joon Pahk			puzzmo	
bg2025-08-03	2025-08-03	sunday		ready	Themeless Challenger	Brendan Emmett Quigley			puzzmo	
bg2025-08-10	2025-08-10	sunday		ready	Wild Animals	Joon Pahk			puzzmo	
bg2025-08-17	2025-08-17	sunday		ready	Every Second Counts	Brendan Emmett Quigley			puzzmo	
bg2025-08-24	2025-08-24	sunday		ready	Break Dancing	Joon Pahk			puzzmo	
bg2025-08-31	2025-08-31	sunday		ready	Duded Up	Brendan Emmett Quigley			puzzmo	
bg2025-09-07	2025-09-07	sunday		ready	Have a Go	Joon Pahk			puzzmo	
bg2025-09-14	2025-09-14	sunday		ready	Between You And Me	Brendan Emmett Quigley			puzzmo	
bg2025-09-21	2025-09-21	sunday		ready	Who's Doin' What?	Joon Pahk			puzzmo	
bg2025-09-28	2025-09-28	sunday		ready	I Can Re-Late	Brendan Emmett Quigley			puzzmo	
bg2025-10-05	2025-10-05	sunday		ready	Go Fish	Joon Pahk			puzzmo	
bg2025-10-12	2025-10-12	sunday		ready	Parking Lot	Brendan Emmett Quigley			puzzmo	
bg2025-10-19	2025-10-19	sunday		ready	Last Things Last	Joon Pahk			puzzmo	
bg2025-10-26	2025-10-26	sunday		ready	Can You Dig It?	Brendan Emmett Quigley			puzzmo	
bg2025-11-02	2025-11-02	sunday		ready	Día de los Muertos	Joon Pahk			puzzmo	
bg2025-11-09	2025-11-09	sunday		ready	Book Sale	Brendan Emmett Quigley			puzzmo	
bg2025-11-16	2025-11-16	sunday		ready	Emotion	Joon Pahk			puzzmo	
bg2025-11-23	2025-11-23	sunday		ready	Stuffing	Brendan Emmett Quigley			puzzmo	
bg2025-11-30	2025-11-30	sunday		ready	Picture in Picture	Joon Pahk			puzzmo	
bg2025-12-07	2025-12-07	sunday		ready	Can You Say That Another Way?	Brendan Emmett Quigley			puzzmo	
bg2025-12-14	2025-12-14	sunday		ready	Tooling Around	Joon Pahk			puzzmo	
bg2025-12-21	2025-12-21	sunday		ready	Have Yourself A Merry Little Christmas	Brendan Emmett Quigley			puzzmo	
bg2025-12-28	2025-12-28	sunday		ready	How Not To Be Negative	Joon Pahk			puzzmo	
bg2026-01-04	2026-01-04	sunday		ready	Long Letters	Brendan Emmett Quigley			puzzmo	
bg2026-01-11	2026-01-11	sunday		ready	K Pop	Joon Pahk			puzzmo	
bg2026-01-18	2026-01-18	sunday		ready	Just For Kicks	Brendan Emmett Quigley			puzzmo	
bg2026-01-25	2026-01-25	sunday		ready	Surprise!	Joon Pahk			puzzmo	
bg2026-02-01	2026-02-01	sunday		ready	Where in the World?	Brendan Emmett Quigley			puzzmo	
bg2026-02-08	2026-02-08	sunday		ready	Totes Confused	Joon Pahk			puzzmo	
bg2026-02-15	2026-02-15	sunday		ready	Criss Cross	Brendan Emmett Quigley			puzzmo	
bg2026-02-22	2026-02-22	sunday		ready	Down to Clown	Joon Pahk			puzzmo	
bg2026-03-01	2026-03-01	sunday		ready	Scrap Heap	Brendan Emmett Quigley			puzzmo	
bg2026-03-08	2026-03-08	sunday		ready	Too Good to Be True	Joon Pahk			puzzmo	
bg2026-03-15	2026-03-15	sunday		ready	Eye Strain	Brendan Emmett Quigley			puzzmo	
bg2026-03-22	2026-03-22	sunday		ready	Mocking Birds	Joon Pahk			puzzmo	
bg2026-03-29	2026-03-29	sunday		ready	Moist Haves	Brendan Emmett Quigley			puzzmo	
bg2026-03-30	2026-03-30	themeless-week		ready	SPRING 2026 THEMELESS WEEK, PUZZLE 1	Willa Angel Chen Miller			puzzmo	
bg2026-03-31	2026-03-31	themeless-week		ready	SPRING 2026 THEMELESS WEEK, PUZZLE 2	Owen Bergstein			puzzmo	
bg2026-04-01	2026-04-01	themeless-week		ready	SPRING 2026 THEMELESS WEEK, PUZZLE 3?	Adrian Johnson			puzzmo	
bg2026-04-02	2026-04-02	themeless-week		ready	SPRING 2026 THEMELESS WEEK, PUZZLE 4	Amie Walker and DarRatliff			puzzmo	
bg2026-04-03	2026-04-03	themeless-week		ready	SPRING 2026 THEMELESS WEEK, PUZZLE 5	Zachary Edward-Brown			puzzmo	
bg2026-04-04	2026-04-04	themeless-week		ready	SPRING 2026 THEMELESS WEEK, PUZZLE 6	Jamixiy			puzzmo	
bg2026-04-05	2026-04-05	sunday		ready	Easter Sunday	Joon Pahk			puzzmo	
bg2026-04-12	2026-04-12	sunday		ready	Themeless Challenger	Brendan Emmett Quigley			puzzmo	
bg2026-04-19	2026-04-19	sunday		ready	Three of a Kind	Joon Pahk			puzzmo	
bg2026-04-26	2026-04-26	sunday		ready	Teasing The Ending	Brendan Emmett Quigley			puzzmo	
bg2026-05-03	2026-05-03	sunday		ready	Wide Body	Joon Pahk			puzzmo	
bg2026-05-10	2026-05-10	sunday		ready	Playing By Ear	Brendan Emmett Quigley			puzzmo	
bg2026-05-17	2026-05-17	sunday		ready	Make It a Double	Joon Pahk			puzzmo	
bg2026-05-24	2026-05-24	sunday		ready	Urban Renewal	Brendan Emmett Quigley			puzzmo	
bg2026-05-31	2026-05-31	sunday		ready	Greetings!	Joon Pahk			puzzmo	
bg2026-06-07	2026-06-07	sunday		ready	Empty Celebrities	Brendan Emmett Quigley			puzzmo	
bg2026-06-14	2026-06-14	sunday		ready	Flag Day	Joon Pahk			puzzmo	
bg2026-06-19	2026-06-19	themeless-week		ready	THEMELESS FRIDAY 1	Adrian Johnson			puzzmo	
bg2026-06-21	2026-06-21	sunday		ready	Triple Headers	Brendan Emmett Quigley			puzzmo	
bg2026-06-28	2026-06-28	sunday		ready	Summer Blockbusters	Joon Pahk			puzzmo	
bg2026-07-05	2026-07-05	sunday		ready	Cha Cha Cha	Brendan Emmett Quigley			puzzmo	
bg2026-07-12	2026-07-12	sunday		ready	What a Treat!	Joon Pahk			puzzmo	
bg2026-07-19	2026-07-19	sunday		ready	Just Dupe It	Brendan Emmett Quigley			puzzmo	
bg2026-07-26	2026-07-26	sunday		ready	Extra Time	Joon Pahk			puzzmo	
bg2026-07-27	2026-07-27	themeless-week		ready	SUMMER 2026 THEMELESS WEEK, PUZZLE 1	Scott Earl			puzzmo	
bg2026-07-28	2026-07-28	themeless-week		ready	SUMMER 2026 THEMELESS WEEK, PUZZLE 2	CJ Tan			puzzmo	
bg2026-07-29	2026-07-29	themeless-week		ready	SUMMER 2026 THEMELESS WEEK, PUZZLE 3	August Miller and Jess Rucks			puzzmo	
bg2026-07-30	2026-07-30	themeless-week		ready	SUMMER 2026 THEMELESS WEEK, PUZZLE 4	Brian Callahan			puzzmo	
bg2026-07-31	2026-07-31	themeless-week		ready	SUMMER 2026 THEMELESS WEEK, PUZZLE 5	Kareem Ayas and Rafael Musa			puzzmo	
bg2026-08-01	2026-08-01	themeless-week		ready	SUMMER 2026 THEMELESS WEEK, PUZZLE 6	Adrian Johnson and Alexandra Doumani			puzzmo	
bg2026-08-02	2026-08-02	sunday		ready	Simple Puzzle	Brendan Emmett Quigley			puzzmo	
bg2026-08-09	2026-08-09	sunday		ready	All the Time	Joon Pahk			puzzmo	
bg2026-08-16	2026-08-16	sunday		ready	Wayne Checks	Brendan Emmett Quigley			puzzmo	
bg2026-08-23	2026-08-23	sunday		ready	Let Me Spell It Out	Joon Pahk			puzzmo	
bg2026-08-30	2026-08-30	sunday		ready	Ups and Downs	Brendan Emmett Quigley			puzzmo	
bg2026-09-06	2026-09-06	sunday		ready	Not Again!	Joon Pahk			puzzmo	
bg2026-09-13	2026-09-13	sunday		ready	She's Right, You Know	Brendan Emmett Quigley			puzzmo	
bg2026-09-20	2026-09-20	sunday		ready	Tennis, Anyone?	Joon Pahk			puzzmo	
bg2026-09-27	2026-09-27	sunday		ready	Try Game	Brendan Emmett Quigley			puzzmo	
bg2026-10-04	2026-10-04	sunday		ready	Fruit Cocktail	Joon Pahk			puzzmo	
bg2026-10-05	2026-10-05	themeless-week		ready	FALL 2026 THEMELESS WEEK, PUZZLE 1	Rafael Musa			puzzmo	
